name,highBuy,lowBuy,highSell,lowSell,buyChange,sellChange,volumeSold,volumeBought,totalRecordedData,currentBuyPrice,currentSellPrice
"Pot of Gold",0,0,0,0,0,0,0,0,0,0,0
"Rare Fishing Bait",0,0,0,0,0,0,0,0,0,0,0
"Potion of Long Leaping",24.5,24.5,13,13,0,0,0,0,258,24.5,13
"Shield",0.98,0.98,0,0,0,0,0,1,151,0.98,0
"Paint Wall Shelf",147,147,0,0,0,0,0,0,258,147,0
"Ceiling Lamp (White)",73.5,73.5,0,0,0,0,0,0,258,73.5,0
"Brown/Silver Key",147,147,75,75,0,0,0,0,258,147,75
"Tavern Keg",73.5,73.5,0,0,0,0,0,0,258,73.5,0
"Pale Oak Slab",0.33687500000000004,0.33687500000000004,0,0,0,0,0,0,258,0.33687500000000004,0
"Flowering Azalea Leaves",0.30626623376623374,0.30626623376623374,0,0,0,0,0,0,258,0.30626623376623374,0
"String",1.3677624999999969,1.3677624999999969,1.153823010323013,1.1497004855181676,0,0.003585738129913807,33,0,258,1.3677624999999969,1.153823010323013
"Diamond Helmet",4.766363636363638,4.766363636363638,0,0,0,0,0,0,258,4.766363636363638,0
"Flint And Steel",0,0,0,0,0,0,0,0,0,0,0
"Sofa",111.29999999999997,106.57499999999997,0,0,0,0,0,0,258,106.57499999999997,0
"Leaning United States Flag",24.5,24.5,0,0,0,0,0,0,258,24.5,0
"Pile of Golden Horseshoe",0,0,0,0,0,0,0,0,0,0,0
"Poisonous Potato",0.98,0.98,0,0,0,0,0,0,259,0.98,0
"Potato Soup",0,0,0,0,0,0,0,0,0,0,0
"Clover Wine",0,0,0,0,0,0,0,0,0,0,0
"Bowl",0,0,0.02,0.02,0,0,0,0,259,0,0.02
"ORIGIN-12",0,0,0,0,0,0,0,0,0,0,0
"Bike",73.5,73.5,0,0,0,0,0,0,259,73.5,0
"Hay Block",1.3847015306122439,1.3847015306122439,1.2060714285714282,1.2060714285714282,0,0,0,0,259,1.3847015306122439,1.2060714285714282
"Arrow",0.8325905511811017,0.8325905511811017,0.8395026455026461,0.7943280730897015,0,-0.05381111428141594,128,0,259,0.8325905511811017,0.7943280730897015
"Lime Shulker Box",34.300000000000004,34.300000000000004,0,0,0,0,0,0,259,34.300000000000004,0
"Tropical Fish",1.96,1.96,1.1666666666666667,1.1666666666666667,0,0,0,0,259,1.96,1.1666666666666667
"Bookstack",67.51111111111112,67.51111111111112,0,0,0,0,0,0,259,67.51111111111112,0
"Jungle Wood",2.9280625000000002,2.9280625000000002,2,2,0,0,0,0,259,2.9280625000000002,2
"Nether Brick Slab",1176,1176,0,0,0,0,0,0,259,1176,0
"Display Screen",0,0,0,0,0,0,0,0,0,0,0
"Blue Candle",4.16,4.16,0,0,0,0,0,0,259,4.16,0
"Brain Coral",1.9600000000000002,1.9600000000000002,1,1,0,0,0,0,259,1.9600000000000002,1
"Spruce Log",0.35064184051334374,0.34801013419648935,0.2869494354601842,0.26938726059415097,-0.007505397312343121,-0.06120302900671959,2185,448,259,0.34801013419648935,0.26938726059415097
"Cozy Garden Sofa Swing",73.5,73.5,0,0,0,0,0,0,259,73.5,0
"Standing Loom",0,0,0,0,0,0,0,0,0,0,0
"Mutton",4.488399999999998,4.488399999999998,1.8999999999999992,1.8999999999999992,0,0,0,0,259,4.488399999999998,1.8999999999999992
"Black Terracotta",0,0,0,0,0,0,0,0,0,0,0
"Furnace",0,0,0,0,0,0,0,0,0,0,0
"Pancakes",0,0,0,0,0,0,0,0,0,0,0
"Brown Terracotta",0,0,0.4558333333333333,0.4558333333333333,0,0,0,0,259,0,0.4558333333333333
"Azalea",0.5133333333333334,0.5133333333333334,0.3,0.3,0,0,0,0,259,0.5133333333333334,0.3
"Blue Orchid",0.9981481481481483,0.9981481481481483,0.75,0.75,0,0,0,0,259,0.9981481481481483,0.75
"Leaning China Flag",24.5,24.5,0,0,0,0,0,0,259,24.5,0
"Fox Spawn Egg",0,0,0,0,0,0,0,0,0,0,0
"MOGG Contester",784,784,0,0,0,0,0,0,259,784,0
"Garden Cart",73.5,73.5,0,0,0,0,0,0,259,73.5,0
"Ironing Board",49,49,0,0,0,0,0,0,259,49,0
"Stripped Dark Oak Log",0.1225,0.1225,0,0,0,0,0,0,259,0.1225,0
"Ancient Debris",4.864785760834173,4.864785760834173,4.847126027397267,4.847126027397267,0,0,0,0,259,4.864785760834173,4.847126027397267
"Fish and Chips",0,0,0,0,0,0,0,0,0,0,0
"Blacksmith Anvil",73.5,73.5,0,0,0,0,0,0,259,73.5,0
"Book Lamp",0,0,0,0,0,0,0,0,0,0,0
"Table Towel (Black)",73.5,73.5,0,0,0,0,0,0,259,73.5,0
"White Stained Glass",0.7349999999999997,0.7349999999999997,0,0,0,0,0,0,259,0.7349999999999997,0
"Green Terracotta",0.36351874999999995,0.36351874999999995,0,0,0,0,0,0,259,0.36351874999999995,0
"Pink Tulip",1.306666666666667,1.306666666666667,0.75,0.75,0,0,0,0,259,1.306666666666667,0.75
"Netherite Helmet",72.49454925373134,72.49454925373134,60,60,0,0,0,0,259,72.49454925373134,60
"Truthfully",4.9,4.056000000000001,3,3,0,0,0,0,259,4.056000000000001,3
"Mud Bricks",4.9,4.9,0.46875,0.46875,0,0,0,0,259,4.9,0.46875
"Counter (White)",73.5,73.5,0,0,0,0,0,0,259,73.5,0
"Postcards stand",122.5,122.5,0,0,0,0,0,0,259,122.5,0
"Amulance",0,0,0,0,0,0,0,0,0,0,0
"Rabbit Hide",1.9600000000000002,1.9600000000000002,0,0,0,0,0,0,260,1.9600000000000002,0
"White Concrete Powder",0.41974609375,0.4181628787878788,0.3125038651824366,0.3125038651824366,-0.003771839663386345,0,0,16,260,0.4181628787878788,0.3125038651824366
"Soybean",0.41885897435897385,0.41885897435897385,0.4287075680440526,0.38281860522669303,0,-0.10704024136066437,169,0,259,0.41885897435897385,0.38281860522669303
"Fabric Spools",0,0,0,0,0,0,0,0,0,0,0
"Large Log Pile",49,49,0,0,0,0,0,0,260,49,0
"Fishing Rod",9.800000000000006,9.800000000000006,8,8,0,0,0,0,260,9.800000000000006,8
"Prismarine",1.1745340205754429,1.157780840163934,0.775625,0.775625,-0.014263682998716831,0,0,64,260,1.157780840163934,0.775625
"Shotgun [Gold]",0,0,0,0,0,0,0,0,0,0,0
"Tilapia Rolls",0,0,0,0,0,0,0,0,0,0,0
"Bunkbed",220.5,220.5,0,0,0,0,0,0,260,220.5,0
"Raw Iron",0.5388866071428579,0.5388866071428579,0.5276096491227952,0.5276096491227952,0,0,0,0,260,0.5388866071428579,0.5276096491227952
"Smooth Basalt",0.1531250000000001,0.1531250000000001,0.078125,0.078125,0,0,0,0,260,0.1531250000000001,0.078125
"Shears",0,0,0,0,0,0,0,0,0,0,0
"Feather",0.36996527777777705,0.36996527777777705,0.2621879999999992,0.26137231638418,0,-0.0031110639683902264,15,0,260,0.36996527777777705,0.26137231638418
"Decorated Pot",1.6333333333333333,1.6333333333333333,0,0,0,0,0,0,260,1.6333333333333333,0
"Towels",0,0,0,0,0,0,0,0,0,0,0
"Cabbage",0,0,0,0,0,0,0,0,0,0,0
"Fire Prot 4",49,49,25,25,0,0,0,0,260,49,25
"Beef",1.904455942622953,1.9023440082644654,1.8756345177664946,1.8756345177664946,0.0011101748095825315,0,0,3,260,1.904455942622953,1.8756345177664946
"Grape Popsicle",0,0,0,0,0,0,0,0,0,0,0
"Kelp",1.3508687499999998,1.3508687499999998,0.13836206896551725,0.13836206896551725,0,0,0,0,260,1.3508687499999998,0.13836206896551725
"Sweet Berries",0.3497649253731341,0.3497649253731341,0.26019230769230767,0.26019230769230767,0,0,0,0,260,0.3497649253731341,0.26019230769230767
"Bertie the Snowman",47.775,47.775,0,0,0,0,0,0,260,47.775,0
"Spruce Fence",0.1225,0.1225,0,0,0,0,0,0,260,0.1225,0
"Gemfish",7.2799999999999905,7.2799999999999905,5.44,5.44,0,0,0,0,260,7.2799999999999905,5.44
"Glow Mushroom Patch",49,49,0,0,0,0,0,0,260,49,0
"Dried Ghast",490,490,500,500,0,0,0,0,260,490,500
"Blazorb Jellyfish",0,0,0,0,0,0,0,0,0,0,0
"Diamond Chestplate",7.806206896551727,7.806206896551727,0,0,0,0,0,0,260,7.806206896551727,0
"Blue Concrete",0.8330000000000001,0.8330000000000001,0,0,0,0,0,0,260,0.8330000000000001,0
"Lapis Lazuli",0.7316948118605217,0.7316948118605217,0.9680165684202243,0.9671860365439245,0,-0.0008579727727919817,18,0,260,0.7316948118605217,0.9671860365439245
"Horse Spawn Egg",0,0,0,0,0,0,0,0,0,0,0
"Dresser",98,98,0,0,0,0,0,0,260,98,0
"Valentines Roses Plant Pot",0,0,0,0,0,0,0,0,0,0,0
"Kar98k",0,0,0,0,0,0,0,0,0,0,0
"Cooked Porkchop",2.345122807017539,2.345122807017539,0,0,0,0,0,0,260,2.345122807017539,0
"Bathtub (White + Filled)",73.5,73.5,0,0,0,0,0,0,260,73.5,0
"Mossy Cobblestone",0.49,0.49,0.25,0.25,0,0,0,0,260,0.49,0.25
"Sculk",3.8754545454545464,3.8754545454545464,2,2,0,0,0,0,260,3.8754545454545464,2
"Garden Chair",73.5,73.5,0,0,0,0,0,0,260,73.5,0
"Dryer",68.6,68.6,0,0,0,0,0,0,260,68.6,0
"Garden Tree",73.5,73.5,0,0,0,0,0,0,260,73.5,0
"White Shulker Box",25.316666666666666,25.316666666666666,0,0,0,0,0,0,260,25.316666666666666,0
"Coffetable",73.5,73.5,0,0,0,0,0,0,260,73.5,0
"Potion of Long Weakness",10.78,10.78,0,0,0,0,0,0,260,10.78,0
"Oak Planks",0.06125000000000002,0.06125000000000002,0,0,0,0,0,0,260,0.06125000000000002,0
"Light Gray Stained Glass",0.48092592592592615,0.48092592592592615,0,0,0,0,0,0,261,0.48092592592592615,0
"eriogenrhrbthoehrg90340wh45934q89h49h238934%%@#t43",49,49,0,0,0,0,0,0,261,49,0
"Fire Coral Fan",1.96,1.96,1,1,0,0,0,0,261,1.96,1
"Clover_flag",0,0,0,0,0,0,0,0,0,0,0
"Honeycomb",0.8527977532679737,0.8436342641843972,0.48000000000000015,0.48000000000000015,0.01086192112416029,0,0,256,261,0.8527977532679737,0.48000000000000015
"Pumpkin Stew",4.135998724489792,4.024531944444442,0,0,0,0,0,0,261,4.135998724489792,0
"Red Wool",1.0758695652173917,1.0289999999999992,0.8000000000000003,0.8000000000000003,-0.04356435686349869,0,0,84,261,1.0289999999999992,0.8000000000000003
"Garden Salad",5.0226515151515105,5.016541353383455,0,0,-0.001216521137394011,0,0,99,260,5.016541353383455,0
"Corn Dog",3.61566055045872,3.61566055045872,0,0,0,0,0,0,261,3.61566055045872,0
"Grilled Cheese",0,0,0,0,0,0,0,0,0,0,0
"Redstone",0.18245224926894243,0.18088083547621048,0.11594186926312171,0.1157898620959059,-0.008612739853560925,0.0013127847341820598,1815,327,261,0.18088083547621048,0.11594186926312171
"Candy Cane Pair",39.199999999999996,39.199999999999996,0,0,0,0,0,0,261,39.199999999999996,0
"Large Clover Streamers",0,0,0,0,0,0,0,0,0,0,0
"Piercing 4",24.5,24.5,0,0,0,0,0,0,261,24.5,0
"Valentines Arch",0,0,0,0,0,0,0,0,0,0,0
"Fruit Salad",0,0,0,0,0,0,0,0,0,0,0
"Lime Concrete",0.8329999999999994,0.8329999999999994,0,0,0,0,0,0,261,0.8329999999999994,0
"Orange Dye",0.49478571428571383,0.49478571428571383,0.4800000000000001,0.4800000000000001,0,0,0,0,261,0.49478571428571383,0.4800000000000001
"Golden Horseshoe",0,0,0,0,0,0,0,0,0,0,0
"Cozy Kitchen Oven",113.67999999999999,113.67999999999999,0,0,0,0,0,0,261,113.67999999999999,0
"Wither Rose",2.692773254985757,2.692773254985757,1.650462962962961,1.6399082568807322,0,-0.006394997239112854,47,0,261,2.692773254985757,1.6399082568807322
"Acacia Planks",0.06125000000000002,0.06125000000000002,0,0,0,0,0,0,261,0.06125000000000002,0
"Purpur Block",0.342226991758242,0.342226991758242,0.2616577922077921,0.2616577922077921,0,0,0,0,261,0.342226991758242,0.2616577922077921
"Dark Oak Slab",0.12250000000000004,0.12250000000000004,0,0,0,0,0,0,261,0.12250000000000004,0
"Ceiling Bisexual Flag",24.5,24.5,0,0,0,0,0,0,261,24.5,0
"French Onion Soup",0,0,0,0,0,0,0,0,0,0,0
"Cozy Kitchen Porcelain Pot",49,49,0,0,0,0,0,0,261,49,0
"Brick Wall",0.98,0.98,0,0,0,0,0,0,261,0.98,0
"Christmas Tree",39.2,39.2,0,0,0,0,0,0,261,39.2,0
"Cheese",0,0,0,0,0,0,0,0,0,0,0
"Pufferfish Spawn Egg",0,0,1,1,0,0,0,0,261,0,1
"Resin Clump",0.3743055555555556,0.3743055555555556,0,0,0,0,0,0,261,0.3743055555555556,0
"Battery A",0,0,0,0,0,0,0,0,0,0,0
"Battery B",0,0,0,0,0,0,0,0,0,0,0
"Diamond Boots",3.8500000000000014,3.8500000000000014,0,0,0,0,0,0,261,3.8500000000000014,0
"Pink Heart Balloon",0,0,0,0,0,0,0,0,0,0,0
"Scringe Plushie",40,40,0,0,0,0,0,0,261,40,0
"Moth Jar",0,0,0,0,0,0,0,0,0,0,0
"FunGuy Geneva",0,0,0,0,0,0,0,0,0,0,0
"Raw Copper",0.34297443783665804,0.34297443783665804,0.3397358490566059,0.3397358490566059,0,0,0,0,261,0.34297443783665804,0.3397358490566059
"Long Wooden Bookshelf",73.5,73.5,0,0,0,0,0,0,261,73.5,0
"Corn Seeds",0.153125,0.153125,0,0,0,0,0,0,261,0.153125,0
"Sandstone",0.39203125,0.39203125,0,0,0,0,0,0,261,0.39203125,0
"Molten coralfish",0,0,0,0,0,0,0,0,0,0,0
"Clay Ball",0.26214999999999977,0.26214999999999977,0.4800000000000003,0.4800000000000003,0,0,0,0,262,0.26214999999999977,0.4800000000000003
"Glass Jar",0,0,0,0,0,0,0,0,0,0,0
"Music Disc Far",200,200,0,0,0,0,0,0,262,200,0
"Cyan Terracotta",0,0,0,0,0,0,0,0,0,0,0
"Polished Blackstone",0.98,0.98,0,0,0,0,0,0,262,0.98,0
"Azalite Backpack",5000,5000,0,0,0,0,0,0,261,5000,0
"Boles Fanum",0,0,0,0,0,0,0,0,0,0,0
"Pepperoni Slices",0,0,0,0,0,0,0,0,0,0,0
"Hanging Asexual Flag",24.5,24.5,0,0,0,0,0,0,262,24.5,0
"Maple Pancakes",0,0,0,0,0,0,0,0,0,0,0
"Mustard Seeds",0,0,0,0,0,0,0,0,0,0,0
"Light Blue Concrete",0.8329999999999994,0.8329999999999994,0,0,0,0,0,0,262,0.8329999999999994,0
"Shelf (White)",73.5,73.5,0,0,0,0,0,0,262,73.5,0
"Jellyfish",0,0,0,0,0,0,0,0,0,0,0
"Apple",1.0376470588235296,1.0376470588235296,0.5,0.5,0,0,0,0,262,1.0376470588235296,0.5
"Candle",3.675,3.675,0,0,0,0,0,0,262,3.675,0
"Kiwi",0.3662152777777775,0.3662152777777775,0.4896381578947376,0.4896381578947376,0,0,0,0,261,0.3662152777777775,0.4896381578947376
"Toilet (Black + Closed)",0,0,0,0,0,0,0,0,0,0,0
"Spruce Fence Gate",1.96,1.96,0,0,0,0,0,0,262,1.96,0
"Potion of Long Water Breathing",16.66,16.66,0,0,0,0,0,0,262,16.66,0
"Soap Dispenser (Black)",73.5,73.5,0,0,0,0,0,0,262,73.5,0
"Iron Nugget",0.08471813725490193,0.08471813725490193,0.06877279552279551,0.06877279552279551,0,0,0,0,262,0.08471813725490193,0.06877279552279551
"Fjord F-350",784,784,0,0,0,0,0,0,262,784,0
"Warped Sign",0.9800000000000002,0.9800000000000002,0,0,0,0,0,0,262,0.9800000000000002,0
"Wolf Spawn Egg",0,0,0,0,0,0,0,0,0,0,0
"Light Blue Wool",1.127,1.127,0.8000000000000003,0.8000000000000003,0,0,0,0,262,1.127,0.8000000000000003
"Armor Stand",0,0,0,0,0,0,0,0,0,0,0
"Beef Stew",3.7826758578431363,3.7826758578431363,0,0,0,0,0,0,261,3.7826758578431363,0
"Plant (White)",73.5,73.5,0,0,0,0,0,0,262,73.5,0
"Pink Shulker Box",24.5,24.5,0,0,0,0,0,1,262,24.5,0
"Rabbit Foot",4.9,4.9,0,0,0,0,0,0,262,4.9,0
"Long Wooden Sofa",73.5,73.5,0,0,0,0,0,0,262,73.5,0
"Orange Goonshine",4.900000000000004,4.556000000000004,3,3,0,0,0,0,262,4.556000000000004,3
"Apple Pie",0,0,0,0,0,0,0,0,0,0,0
"Channeling 1",0,0,25,25,0,0,0,0,262,0,25
"Garden Trellis",73.5,73.5,0,0,0,0,0,0,262,73.5,0
"Diamond Ore",4.900000000000001,4.900000000000001,0,0,0,0,0,0,262,4.900000000000001,0
"Counter Towel (Black)",0,0,0,0,0,0,0,0,0,0,0
"Celery",0,0,0,0,0,0,0,0,0,0,0
"Green Motorcycle",343,343,0,0,0,0,0,0,262,343,0
"Crate Stack",122.5,122.5,0,0,0,0,0,0,262,122.5,0
"Blueberry",0,0,0,0,0,0,0,0,0,0,0
"Greenfish",0,0,0,0,0,0,0,0,0,0,0
"Bubble Coral Fan",1.96,1.96,1,1,0,0,0,0,262,1.96,1
"Jungle Planks",0.2909374999999999,0.2909374999999999,0.33,0.33,0,0,0,0,262,0.2909374999999999,0.33
"Cobbled Deepslate",0.12384104330708662,0.12323242187500001,0.1957976973684211,0.1957976973684211,-0.004914537537842989,0,0,64,262,0.12323242187500001,0.1957976973684211
"Terracotta",0.42747824074074103,0.40788427419354883,0.46935288789428814,0.46935288789428814,-0.04583617299795151,0,0,512,263,0.40788427419354883,0.46935288789428814
"Large Red Mushroom Patch",49,49,0,0,0,0,0,0,263,49,0
"Small Table (cloth)",98,98,0,0,0,0,0,1,263,98,0
"Sheriff (Neofrontier)",0,0,0,0,0,0,0,0,0,0,0
"Peanut Butter and Jelly",3,3,0,0,0,0,0,0,263,3,0
"Tnt",4.900000000000002,4.900000000000002,0,0,0,0,0,0,263,4.900000000000002,0
"Purple/Light Purple Key",98.63913043478261,98.47804878048781,78.46153846153847,78.42105263157895,-0.00003978832683060318,0.0005162622546777129,1,1,263,98.47804878048781,78.46153846153847
"Painting Pegboard",147,147,0,0,0,0,0,0,263,147,0
"Gray Terracotta",0,0,0,0,0,0,0,0,0,0,0
"Stripped Oak Wood",0.18375,0.18375,0,0,0,0,0,0,263,0.18375,0
"Counter Left End (Black)",0,0,0,0,0,0,0,0,0,0,0
"Tuff Bricks",0,0,0,0,0,0,0,0,0,0,0
"Green Concrete Powder",0.3434147727272729,0.3434147727272729,0,0,0,0,0,0,263,0.3434147727272729,0
"Tank",9310,9310,0,0,0,0,0,0,263,9310,0
"Shelf Corner (White)",73.5,73.5,0,0,0,0,0,0,263,73.5,0
"Mace",23.814000000000004,23.814000000000004,17.625,17.625,0,0,0,0,263,23.814000000000004,17.625
"Dried Kelp",0,0,0,0,0,0,0,0,0,0,0
"Glow Ink Sac",3.8660000000000005,3.8660000000000005,2,2,0,0,0,0,263,3.8660000000000005,2
"Bucket",1.715,1.715,1.0538461538461528,1.0538461538461528,0,0,0,0,263,1.715,1.0538461538461528
"Prismarine Crystals",0.6493999999999999,0.6493999999999999,0,0,0,0,0,0,263,0.6493999999999999,0
"Pebbles",0,0,0,0,0,0,0,0,0,0,0
"Nether Wart",0.49869250000000015,0.49779166666666685,0.44411088573360386,0.44411088573360386,0.0018096592975780368,0,0,32,263,0.49869250000000015,0.44411088573360386
"Tile Lamp",73.5,73.5,0,0,0,0,0,0,263,73.5,0
"Spruce Planks",0.23229629629629592,0.23229629629629592,0,0,0,0,0,0,263,0.23229629629629592,0
"Earthworm Jar",50,50,0,0,0,0,0,0,263,50,0
"Bell",19.6,19.6,0,0,0,0,0,0,263,19.6,0
"Iron Pipe",9.800000000000006,9.800000000000006,9.5,9.5,0,0,0,0,263,9.800000000000006,9.5
"Build A Word F",73.5,73.5,0,0,0,0,0,0,263,73.5,0
"Build A Word E",73.5,73.5,0,0,0,0,0,0,263,73.5,0
"Build A Word H",73.5,73.5,0,0,0,0,0,0,263,73.5,0
"Lantern",3.585166666666665,3.585166666666665,1.1999999999999997,1.1999999999999997,0,0,0,0,263,3.585166666666665,1.1999999999999997
"Build A Word G",73.5,73.5,0,0,0,0,0,0,263,73.5,0
"Tube Coral Fan",1.96,1.96,1,1,0,0,0,0,263,1.96,1
"Flint",0.5795480395962748,0.5795480395962748,0.5202654276391041,0.42772802536151633,0,-0.17786575853824615,1523,0,263,0.5795480395962748,0.42772802536151633
"Build A Word I",73.5,73.5,0,0,0,0,0,0,263,73.5,0
"Red Snapper",0,0,0,0,0,0,0,0,0,0,0
"Pink Valentines Present",0,0,0,0,0,0,0,0,0,0,0
"Dripstone Block",1.7361607142857143,1.7361607142857143,0.9888930722891566,0.9888930722891566,0,0,0,0,263,1.7361607142857143,0.9888930722891566
"Build A Word L",73.5,73.5,0,0,0,0,0,0,263,73.5,0
"Build A Word K",73.5,73.5,0,0,0,0,0,0,263,73.5,0
"Hops",0,0,0,0,0,0,0,0,0,0,0
"Build A Word N",73.5,73.5,0,0,0,0,0,0,263,73.5,0
"Police Car",2939.02,2939.02,0,0,0,0,0,1,38,2939.02,0
"Build A Word M",73.5,73.5,0,0,0,0,0,0,263,73.5,0
"Build A Word P",73.5,73.5,0,0,0,0,0,0,264,73.5,0
"BLT",4,4,0,0,0,0,0,0,264,4,0
"Build A Word O",73.5,73.5,0,0,0,0,0,0,264,73.5,0
"Build A Word R",73.5,73.5,0,0,0,0,0,0,264,73.5,0
"Build A Word Q",73.5,73.5,0,0,0,0,0,0,264,73.5,0
"Chicken Soup",0,0,0,0,0,0,0,0,0,0,0
"Toilet (White + Closed)",73.5,73.5,0,0,0,0,0,0,264,73.5,0
"Squash",0,0,0,0,0,0,0,0,0,0,0
"Build A Word T",73.5,73.5,0,0,0,0,0,0,264,73.5,0
"Build A Word S",73.5,73.5,0,0,0,0,0,0,264,73.5,0
"Build A Word V",73.5,73.5,0,0,0,0,0,0,264,73.5,0
"Build A Word U",73.5,73.5,0,0,0,0,0,0,264,73.5,0
"Build A Word X",73.5,73.5,0,0,0,0,0,0,264,73.5,0
"Red Salsa and Chips",0,0,0,0,0,0,0,0,0,0,0
"Build A Word W",73.5,73.5,0,0,0,0,0,0,264,73.5,0
"Chiseled Deepslate",0,0,0,0,0,0,0,0,0,0,0
"Build A Word Y",73.5,73.5,0,0,0,0,0,0,264,73.5,0
"Smite 5",49,49,25,25,0,0,0,0,264,49,25
"Cod",1.0039024390243898,1.0039024390243898,0.5,0.5,0,0,55,0,264,1.0039024390243898,0.5
"Wall Lamp (Black)",0,0,0,0,0,0,0,0,0,0,0
"Oak Slab",0.12333333333333334,0.12333333333333334,0,0,0,0,0,0,264,0.12333333333333334,0
"Cobblestone",0.10124185370338375,0.10110200694786725,0.22104841720779173,0.21901385947460697,0.001383224269375205,-0.00920412689447403,804,64,264,0.10124185370338375,0.21901385947460697
"MG34",0,0,0,0,0,0,0,0,0,0,0
"Hook",0,0,0,0,0,0,0,0,0,0,0
"Dark Oak Log",0.4505604967948725,0.4505604967948725,0.30084227943448516,0.30084227943448516,0,0,0,0,264,0.4505604967948725,0.30084227943448516
"Snowball Pile",29.399999999999995,29.399999999999995,0,0,0,0,0,0,264,29.399999999999995,0
"Standing United Kingdom Flag",24.5,24.5,0,0,0,0,0,0,264,24.5,0
"Goat Spawn Egg",0,0,0,0,0,0,0,0,0,0,0
"Black Stained Glass",0,0,0,0,0,0,0,0,0,0,0
"Light Blue Shulker Box",34.300000000000004,34.300000000000004,20,20,0,0,0,0,264,34.300000000000004,20
"Garden Lamppost",53.89999999999999,53.89999999999999,0,0,0,0,0,0,264,53.89999999999999,0
"White Banner",0,0,0,0,0,0,0,0,0,0,0
"Beans",0,0,0,0,0,0,0,0,0,0,0
"Jungle Sapling",2.334567307692308,2.334567307692308,0.9119073275862069,0.9119073275862069,0,0,0,0,264,2.334567307692308,0.9119073275862069
"Husk Spawn Egg",0,0,0,0,0,0,0,0,0,0,0
"Rug (White)",14.699999999999998,14.699999999999998,0,0,0,0,0,0,264,14.699999999999998,0
"Brown Concrete",0,0,0,0,0,0,0,0,0,0,0
"Red Heart Balloon",0,0,0,0,0,0,0,0,0,0,0
"Hopper",1.9600000000000006,1.9600000000000006,0,0,0,0,0,0,264,1.9600000000000006,0
"Brain Coral Fan",1.96,1.96,1,1,0,0,0,0,264,1.96,1
"Gray Concrete Powder",0.37132812499999995,0.37132812499999995,0,0,0,0,0,0,264,0.37132812499999995,0
"Pointed Dripstone",2.7122125,2.7122125,1.7748222591362122,1.7748222591362122,0,0,0,0,264,2.7122125,1.7748222591362122
"Build A Word B",73.5,73.5,0,0,0,0,0,0,264,73.5,0
"Build A Word A",73.5,73.5,0,0,0,0,0,0,264,73.5,0
"Build A Word D",73.5,73.5,0,0,0,0,0,0,264,73.5,0
"Build A Word C",0.9800000000000001,0.9800000000000001,0,0,0,0,0,0,264,0.9800000000000001,0
"Cooked Chicken",1.071875,1.071875,0,0,0,0,0,0,265,1.071875,0
"Christmas Fireplace",186.2,186.2,0,0,0,0,0,0,265,186.2,0
"Nether Wart Block",2.7494444444444444,2.7494444444444444,0.27499999999999997,0.27499999999999997,0,0,0,0,265,2.7494444444444444,0.27499999999999997
"Redstone Torch",0.0765625,0.0765625,0.08125000000000002,0.08125000000000002,0,0,0,0,265,0.0765625,0.08125000000000002
"Dirt",0.0509896321462043,0.0509896321462043,0.08134527439024387,0.08134527439024387,0,0,0,0,265,0.0509896321462043,0.08134527439024387
"Red Dye",0.47567708333333386,0.4732989690721654,0.38064516129032266,0.38064516129032266,-0.004999429918825626,0,0,8,265,0.4732989690721654,0.38064516129032266
"Tomato",0,0,0,0,0,0,0,0,0,0,0
"Experience Bottle",1.772100011845069,1.7719589457878955,1.4880434782608696,1.4880434782608696,0.00007961023220559582,0,0,8,265,1.772100011845069,1.4880434782608696
"Brown Paint",0,0,0,0,0,0,0,0,0,0,0
"Brussel Sprout",0.3907187499999999,0.3361833333333331,0.4280575320512821,0.2998283518690151,-0.006020733155310154,-0.13928978145122528,190,64,265,0.3883663366336633,0.36843349358974314
"Coal",0.19782779380581547,0.19748799984364204,0.17254927440039905,0.1724896889537563,0.0017205802723765373,0.00034544352092780173,54,9,265,0.19782779380581547,0.17254927440039905
"RPG-7",0,0,0,0,0,0,0,0,0,0,0
"Shrimp",0,0,0,0,0,0,0,0,0,0,0
"Netherite Hoe",49,49,0,0,0,0,0,0,265,49,0
"Red Mushroom Patch",49,49,0,0,0,0,0,0,265,49,0
"Sheep Spawn Egg",9.857142857142858,9.857142857142858,0,0,0,0,0,0,265,9.857142857142858,0
"Salmon",1.1684615384615389,1.1684615384615389,0.7307692307692307,0.6111111111111112,0,0.1958041936159134,17,0,265,1.1684615384615389,0.7307692307692307
"Magma Block",0.6434960937500003,0.6434960937500003,0.8045925383645933,0.8045925383645933,0,0,0,0,265,0.6434960937500003,0.8045925383645933
"Knockback 2",53.083333333333336,53.083333333333336,53,53,0,0,0,0,265,53.083333333333336,53
"Candledish",73.5,73.5,0,0,0,0,0,0,265,73.5,0
"Stripped Birch Log",0.12250000000000004,0.12250000000000004,0,0,0,0,0,0,265,0.12250000000000004,0
"Witch Spawn Egg",0,0,0,0,0,0,0,0,0,0,0
"Diamond Sword",1.9600000000000006,1.9600000000000006,0,0,0,0,0,0,265,1.9600000000000006,0
"Paint Buckets",73.5,73.5,0,0,0,0,0,0,265,73.5,0
"Birch Planks",0.14000000000000015,0.14000000000000015,0.33,0.33,0,0,0,0,265,0.14000000000000015,0.33
"Medieval Market Booth",171.5,171.5,0,0,0,0,0,0,265,171.5,0
"Jungle Slab",0.12333333333333334,0.12333333333333334,0,0,0,0,0,0,265,0.12333333333333334,0
"Dropper",3,3,0,0,0,0,0,0,265,3,0
"Polished Andesite Stairs",0.196,0.196,0,0,0,0,0,0,265,0.196,0
"Bathtub (Black + Filled)",0,0,0,0,0,0,0,0,0,0,0
"Glowstone",1.3132051282051325,1.3093546099290823,1.2248715846994536,1.2248715846994536,-0.002932152943685651,0,0,12,265,1.3093546099290823,1.2248715846994536
"Mayonnaise",4.2875,4.2875,0,0,0,0,0,0,265,4.2875,0
"Woodskip",0,0,0,0,0,0,0,0,0,0,0
"Room Divider (Black)",0,0,0,0,0,0,0,0,0,0,0
"Peach Cobbler",3.8612,3.5280000000000005,0,0,0,0,0,0,265,3.8612,0
"Chicken Salad Sandwich",2.9044619388974167,2.7562792894935706,2.25,2.25,0,0,0,0,265,2.9044619388974167,2.25
"Black Shulker Box",330.875,330.875,0,0,0,0,0,0,265,330.875,0
"Oak Log",0.3918412081339715,0.3918412081339715,0.3444352208976157,0.3444352208976157,0,0,0,0,265,0.3918412081339715,0.3444352208976157
"Yellow Glazed Terracotta",0,0,0,0,0,0,0,0,0,0,0
"Kiwi Seeds",0.153125,0.153125,0,0,0,0,0,0,265,0.153125,0
"Tide Armor Trim Smithing Template",50,50,0,0,0,0,0,0,265,50,0
"Ruined Garden Pillar",73.5,73.5,0,0,0,0,0,0,265,73.5,0
"Garden Trash Bin",73.5,73.5,0,0,0,0,0,0,265,73.5,0
"Postcards pile",98,98,0,0,0,0,0,0,265,98,0
"Cyan Concrete",0,0,0,0,0,0,0,0,0,0,0
"Obsidianfish",2.94,2.94,2,2,0,0,0,0,266,2.94,2
"Hot Chocolate",4.872058823529409,4.59358974358974,3,3,0,0,0,0,266,4.59358974358974,3
"Pizza Bike",343,343,0,0,0,0,0,0,266,343,0
"Golden Apple",0,0,0,0,0,0,0,0,0,0,0
"Yellow Pepper",0,0,0,0,0,0,0,0,0,0,0
"Cooked Salmon",1.75,1.75,0,0,0,0,0,0,266,1.75,0
"Purple Carpet",0.7644000000000001,0.7644000000000001,0,0,0,0,0,0,266,0.7644000000000001,0
"Pale Oak Trapdoor",5.05076923076923,5.05076923076923,0,0,0,0,0,0,266,5.05076923076923,0
"Orange Stained Glass",0,0,0,0,0,0,0,0,0,0,0
"Carpentry Station",73.5,73.5,0,0,0,0,0,0,266,73.5,0
"Stripped Spruce Log",0.12250000000000004,0.12250000000000004,0,0,0,0,0,0,266,0.12250000000000004,0
"Sugar",0.5277708333333335,0.5277708333333335,0.4939130434782609,0.4939130434782609,0,0,0,0,266,0.5277708333333335,0.4939130434782609
"Waffle",0,0,0,0,0,0,0,0,0,0,0
"Magenta Terracotta",0,0,0,0,0,0,0,0,0,0,0
"Nautilus Shell",19.6,19.6,0,0,0,0,0,0,266,19.6,0
"Brown Concrete Powder",0.3521875,0.3521875,0,0,0,0,0,0,266,0.3521875,0
"Beetroot",0.2989886513157894,0.2989886513157894,0.43624999999999975,0.43624999999999975,0,0,0,0,266,0.2989886513157894,0.43624999999999975
"Acacia Sapling",1.3577083333333333,1.3577083333333333,0.8738425925925926,0.8738425925925926,0,0,0,0,266,1.3577083333333333,0.8738425925925926
"Open Scroll",49,49,0,0,0,0,0,0,266,49,0
"Easel",74.8,73.5,0,0,0,0,0,0,266,74.8,0
"Jungle Fence Gate",1.96,1.96,0,0,0,0,0,2,62,1.96,0
"Big Dripleaf",3.9200000000000004,3.9200000000000004,3.9,3.9,0,0,0,0,266,3.9200000000000004,3.9
"Oak Leaves",0.58279375,0.58279375,0,0,0,0,0,0,266,0.58279375,0
"Azalea Leaves",0.15312499999999998,0.15312499999999998,0,0,0,0,0,0,266,0.15312499999999998,0
"Yellow Carpet",0.7644000000000001,0.7644000000000001,0,0,0,0,0,0,266,0.7644000000000001,0
"Calcite",0.17895979435580556,0.17895979435580556,0.22667942176870742,0.22566810344827584,0,0.004481441341340542,6,0,266,0.17895979435580556,0.22667942176870742
"Sink (White)",0,0,0,0,0,0,0,0,0,0,0
"Soap (White)",0,0,0,0,0,0,0,0,0,0,0
"Veggie Sandwich",0,0,0,0,0,0,0,0,0,0,0
"Packed Ice",0.735,0.735,0.25,0.25,0,0,0,0,266,0.735,0.25
"Illucelium",0,0,0,0,0,0,0,0,0,0,0
"Valentines Trash Can",0,0,0,0,0,0,0,0,0,0,0
"Crate Display Empty",0,0,0,0,0,0,0,0,0,0,0
"Wind Burst 3",0,0,0,0,0,0,0,0,0,0,0
"Gold Ore",0,0,0,0,0,0,0,0,0,0,0
"Spore Blossom",107.8,107.8,99.98999999999994,99.98999999999994,0,0,0,0,266,107.8,99.98999999999994
"Control Panel",0,0,0,0,0,0,0,0,0,0,0
"Strawberry Ice Cream",2.943829787234041,2.943829787234041,0,0,0,0,0,0,265,2.943829787234041,0
"Stuffed Green Pepper",0,0,0,0,0,0,0,0,0,0,0
"Wooden Table",41.005263157894746,40.629166666666684,0,0,0,0,0,0,266,40.629166666666684,0
"Pitcher Plant",0.98,0.98,0.5,0.5,0,0,0,0,266,0.98,0.5
"Sunfish",0,0,0,0,0,0,0,0,0,0,0
"Black Banner",19.6,19.6,0,0,0,0,0,0,266,19.6,0
"Netherite Chestplate",73.18639999999999,73.18639999999999,60,60,0,0,0,0,266,73.18639999999999,60
"Sweeping Edge 3",49,49,0,0,0,0,0,0,266,49,0
"ORIGIN-12 [Snow Skin]",0,0,0,0,0,0,0,0,0,0,0
"Dried Kelp Block",0,0,0,0,0,0,0,0,0,0,0
"Pufferfish",2.45,2.45,1.3333333333333333,1.3333333333333333,0,0,0,0,267,2.45,1.3333333333333333
"Taxi",0,0,0,0,0,0,0,0,0,0,0
"Torchflower",0.9800000000000002,0.9800000000000002,0,0,0,0,0,0,267,0.9800000000000002,0
"Garbage Truck",0,0,0,0,0,0,0,0,0,0,0
"Book (open)",73.5,73.5,0,0,0,0,0,0,267,73.5,0
"Glow Berries",0.49000000000000016,0.49000000000000016,0.25,0.25,0,0,0,0,267,0.49000000000000016,0.25
"Detergent",49,49,0,0,0,0,0,0,267,49,0
"Deepslate Tile Wall",0.245,0.245,0,0,0,0,0,0,267,0.245,0
"End Stone",0.15523482295482283,0.15523482295482283,0.2465706845238095,0.2465706845238095,0,0,0,0,267,0.15523482295482283,0.2465706845238095
"Shotgun Ammo",0.2544886363636362,0.2544886363636362,0,0,0,0,0,0,267,0.2544886363636362,0
"Ceiling Canada Flag",24.5,24.5,0,0,0,0,0,0,267,24.5,0
"Valentines Lamp",49,49,0,0,0,0,0,0,267,49,0
"Counter Right End (Black)",0,0,0,0,0,0,0,0,0,0,0
"Pot",73.5,73.5,0,0,0,0,0,0,267,73.5,0
"Black Raspberry",0,0,0,0,0,0,0,0,0,0,0
"Melon Slice",0.23121874999999995,0.23121874999999995,0.2302199074074077,0.2302199074074077,0,0,0,0,267,0.23121874999999995,0.2302199074074077
"Clover Cake",0,0,0,0,0,0,0,0,0,0,0
"Redstone Block",1.1493766447368403,1.1037457770270251,0.9007352941176471,0.9007352941176471,-0.03970053419470787,0,0,235,267,1.1037457770270251,0.9007352941176471
"Stripped Spruce Wood",0.18375,0.18375,0,0,0,0,0,0,267,0.18375,0
"Chicken",1.9102469262295103,1.9102469262295103,1.7862500000000021,1.7833333333333354,0,0.0016355139669030905,13,0,267,1.9102469262295103,1.7862500000000021
"Carrot",0.45905103641828154,0.45905103641828154,0.42088611111111074,0.42088611111111074,0,0,0,0,267,0.45905103641828154,0.42088611111111074
"Blue Stained Glass",0,0,0,0,0,0,0,0,0,0,0
"Leather",1.8751025641025698,1.871053990610334,1.686467013888887,1.6766989436619701,0.002163792960345745,0.004013654310256243,83,3,267,1.8751025641025698,1.686467013888887
"Music Disc Ward",222.5,222.5,0,0,0,0,0,0,267,222.5,0
"Red Motorcycle",499.8,490,0,0,0,0,0,0,267,499.8,0
"Yellow Concrete",0.7896235465116274,0.7896235465116274,0,0,0,0,0,0,267,0.7896235465116274,0
"Room Divider (White)",73.5,73.5,0,0,0,0,0,0,267,73.5,0
"Verdant Froglight",5.08046626984127,5.08046626984127,3.6141732283464565,3.6141732283464565,0,0,0,0,267,5.08046626984127,3.6141732283464565
"Cornbread",3.5257647058823545,3.4082519379844967,2.4,2.4,0,0,0,0,267,3.5257647058823545,2.4
"Light Gray Concrete",0.513275,0.513275,0.30625000000000013,0.30625000000000013,0,0,0,0,267,0.513275,0.30625000000000013
"Hanging Progress Flag",24.5,24.5,0,0,0,0,0,1,184,24.5,0
"Cauliflower",0,0,0,0,0,0,0,0,0,0,0
"Pineapple",0,0,0,0,0,0,0,0,0,0,0
"Flower Pot",1.5660625,1.5660625,0,0,0,0,0,0,267,1.5660625,0
"Iron Pickaxe",2.94,2.94,0,0,0,0,0,0,267,2.94,0
"Amethyst Shard",0.33752352941176433,0.3347844311377241,0.25,0.25,0.00818167719990015,0,0,12,267,0.33752352941176433,0.25
"Honey Bottle",0.735,0.735,0.25,0.25,0,0,0,0,267,0.735,0.25
"Written Book",1,1,0,0,0,0,0,0,267,1,0
"Snowy Christmas Tree",98,98,0,0,0,0,0,0,267,98,0
"Windows planter",73.5,73.5,0,0,0,0,0,0,267,73.5,0
"Large Brown Mushroom Patch",49,49,0,0,0,0,0,0,267,49,0
"Modern Kitchen Counter",73.5,73.5,0,0,0,0,0,3,267,73.5,0
"Paint Vials",49,49,0,0,0,0,0,0,267,49,0
"Copper Ingot",0.4793002378080479,0.47802617388419005,0.41987815366972703,0.41910226769911735,-0.0026581750717014074,-0.0018478836864233017,960,1024,267,0.47802617388419005,0.41910226769911735
"Carrot On A Stick",0,0,0,0,0,0,0,0,0,0,0
"Quartz",0.41900099425710663,0.41900099425710663,0.3713503649635032,0.3713503649635032,0,0,0,0,268,0.41900099425710663,0.3713503649635032
"Mangrove Roots",0.2296874999999999,0.2296874999999999,0.5,0.5,0,0,0,0,268,0.2296874999999999,0.5
"Cornflower",0.9963333333333336,0.9963333333333336,0.75,0.75,0,0,0,0,268,0.9963333333333336,0.75
"Painting Station",0,0,0,0,0,0,0,0,0,0,0
"Pepperoni Stick",0,0,0,0,0,0,0,0,0,0,0
"Deepslate",1.023101851851852,1.023101851851852,0.3677455357142857,0.3677455357142857,0,0,0,0,268,1.023101851851852,0.3677455357142857
"Squid Spawn Egg",0,0,0,0,0,0,0,0,0,0,0
"Repeater",0.4900000000000001,0.4900000000000001,0,0,0,0,0,0,268,0.4900000000000001,0
"Warped Slab",0.30625,0.30625,0,0,0,0,0,0,268,0.30625,0
"Fine Butterfly Jar",50,50,0,0,0,0,0,0,268,50,0
"Leaning Progress Flag",24.5,24.5,0,0,0,0,0,1,268,24.5,0
"Pumpkin",0.5183812499999999,0.44761249531132796,0.4667848101265829,0.4532093023255817,-0.13651874661445618,-0.01870126649737358,346,319,268,0.44761249531132796,0.45805534269902115
"Blaze Rod",2.8223108108108126,2.7941307189542495,13.607324840764305,13.607324840764305,-0.009984758682549,0,0,5,268,2.7941307189542495,13.607324840764305
"Enchanting Table",25,25,20,20,0,0,0,0,268,25,20
"Ceiling Lamp (Black)",0,0,0,0,0,0,0,0,0,0,0
"Cranberry Pie",3.389166666666662,3.3153191489361657,0,0,0,0,0,0,268,3.389166666666662,0
"Rabbit Spawn Egg",0,0,0,0,0,0,0,0,0,0,0
"Glow Lichen",0.20672727272727282,0.20672727272727282,0,0,0,0,0,0,268,0.20672727272727282,0
"City postcard",0,0,0,0,0,0,0,0,0,0,0
"Mushroom Stem",1.4028571428571428,1.4028571428571428,0.5,0.5,0,0,0,0,268,1.4028571428571428,0.5
"Desk",149.93999999999997,149.93999999999997,0,0,0,0,0,0,268,149.93999999999997,0
"Cherry Log",0.41804791666666685,0.41804791666666685,0.32785714285714285,0.32785714285714285,0,0,0,0,268,0.41804791666666685,0.32785714285714285
"Blue Wool",1.127,1.0075625000000004,0.8000000000000002,0.8000000000000002,-0.10597825795412064,0,0,52,268,1.0075625000000004,0.8000000000000002
"Makeup Palette Colors (Black)",0,0,0,0,0,0,0,0,0,0,0
"Gunpowder",1.0844999999999994,1.0844999999999994,2.167176901396258,2.167176901396258,0,0,0,0,268,1.0844999999999994,2.167176901396258
"Mushroom Stew",1.9600000000000004,1.9600000000000004,0,0,0,0,0,0,268,1.9600000000000004,0
"Rose Petals",0,0,0,0,0,0,0,0,0,0,0
"Llama Spawn Egg",0,0,0,0,0,0,0,0,0,0,0
"Christmas Present Big",123.5,123.5,0,0,0,0,0,0,268,123.5,0
"Pale Oak Sapling",1.9599999999999977,1.9599999999999977,1,1,0,0,0,0,268,1.9599999999999977,1
"Diamond Pickaxe",3.0585227272727264,3.0585227272727264,0,0,0,0,0,0,268,3.0585227272727264,0
"Gray Wool",0.3675,0.3675,0.4503373997056924,0.4503373997056924,0,0,0,0,268,0.3675,0.4503373997056924
"Lilac",0.512608695652174,0.512608695652174,0.75,0.75,0,0,0,0,268,0.512608695652174,0.75
"Brick Slab",0.4900000000000001,0.4900000000000001,0,0,0,0,0,0,268,0.4900000000000001,0
"Pale Oak Log",1.0602022613065338,1.046275990099011,0.3035122448979592,0.3035122448979592,-0.013135485351085663,0,0,192,268,1.046275990099011,0.3035122448979592
"Spruce Door",0.8348148148148147,0.8348148148148147,0,0,0,0,0,0,268,0.8348148148148147,0
"Crystal",49,49,0,0,0,0,0,0,268,49,0
"Cozy Kitchen Wall Curtain",45.73333333333333,45.73333333333333,12.5,12.5,0,0,0,0,268,45.73333333333333,12.5
"Cyan Stained Glass",0.30625,0.30625,0,0,0,0,0,0,268,0.30625,0
"Hanging Papers",73.5,73.5,0,0,0,0,0,0,268,73.5,0
"Polished Deepslate",0.245,0.245,0,0,0,0,0,0,268,0.245,0
"Shelf",55.03333333333335,54.43000000000002,0,0,0,0,0,0,268,54.43000000000002,0
"Clover Lamp",0,0,0,0,0,0,0,0,0,0,0
"Mango Seeds",0.153125,0.153125,0,0,0,0,0,0,269,0.153125,0
"Leaning Germany Flag",24.5,24.5,0,0,0,0,0,0,269,24.5,0
"Music Disc Mellohi",200,200,0,0,0,0,0,0,269,200,0
"Large Clover Barrel",0,0,0,0,0,0,0,0,0,0,0
"Soul Sand",0.3722108909608911,0.36957562917308695,0.31600877192982446,0.31600877192982446,-0.007080023176968098,0,0,64,269,0.36957562917308695,0.31600877192982446
"Toast",0,0,0,0,0,0,0,0,0,0,0
"Smoker",0,0,0,0,0,0,0,0,0,0,0
"Seagrass",1.96,1.96,0,0,0,0,0,0,269,1.96,0
"Orange Tea",4.900000000000004,4.552727272727276,3,3,0,0,0,0,269,4.552727272727276,3
"Red Terracotta",0.7591687416203744,0.7591687416203744,0.4667934782608696,0.4667934782608696,0,0,0,0,269,0.7591687416203744,0.4667934782608696
"Oak Sign",0.735,0.735,0,0,0,0,0,0,269,0.735,0
"Pale Oak Leaves",0.153125,0.153125,0.1484375,0.1484375,0,0,0,0,269,0.153125,0.1484375
"Christmas Goose",73.5,73.5,0,0,0,0,0,0,269,73.5,0
"Loom",73.5,73.5,0,0,0,0,0,0,269,73.5,0
"Chubby Explorer",0,0,0,0,0,0,0,0,0,0,0
"Bone Meal",0.5298459722222217,0.5298459722222217,0.2508168987401724,0.2508168987401724,0,0,0,0,269,0.5298459722222217,0.2508168987401724
"Pearlescent Froglight",5.388464912280697,5.348362068965513,3.7903225806451615,3.776,-0.007442350499331951,-0.0037787233013659716,8,8,269,5.348362068965513,3.776
"Valentines Bunting",0,0,0,0,0,0,0,0,0,0,0
"Glass Pane",0.2352,0.2352,0,0,0,0,0,0,269,0.2352,0
"Garden Bush",73.5,73.5,0,0,0,0,0,0,269,73.5,0
"Oxeye Daisy",0.9800000000000001,0.9800000000000001,0,0,0,0,0,0,269,0.9800000000000001,0
"Potion of Long Invisibility",22.77402985074627,22.74787878787879,20,20,0.0011496044462546706,0,0,1,269,22.77402985074627,20
"MP5",0,0,0,0,0,0,0,0,0,0,0
"Phantom Spawn Egg",0,0,0,0,0,0,0,0,0,0,0
"Iron Axe",2.842,2.842,0,0,0,0,0,0,269,2.842,0
"Panda Spawn Egg",0,0,0,0,0,0,0,0,0,0,0
"Cleaning Utensils",49,49,0,0,0,0,0,0,269,49,0
"Pasta",0,0,0,0,0,0,0,0,0,0,0
"Cozy Kitchen Sink",68.6,68.6,0,0,0,0,0,0,269,68.6,0
"Rotten Flesh",0.520625,0.520625,0.6532608695652172,0.6532608695652172,0,0,0,0,269,0.520625,0.6532608695652172
"Snow Block",0,0,0,0,0,0,0,0,0,0,0
"Melon",0.9821875000000001,0.9821875000000001,0.9171054559125367,0.9157129944048003,0,-0.00151832215487957,27,0,269,0.9821875000000001,0.9157129944048003
"Baked Sweet Potato",1.4716892882689545,1.4629122360482647,0.9549549549549549,0.9549549549549549,0.005999712273478508,0,0,72,268,1.4716892882689545,0.9549549549549549
"Fire Asp 2",61.170967741935485,61.170967741935485,67.5,67.5,0,0,0,0,269,61.170967741935485,67.5
"Raw Copper Block",0,0,0,0,0,0,0,0,0,0,0
"Orca Plushie",0,0,0,0,0,0,0,0,0,0,0
"Tuff",0.12159893048128352,0.12089719873150115,0.2243356556637807,0.22008439171122995,-0.005770870950073004,0.01931651681661606,56,56,269,0.12089719873150115,0.2243356556637807
"Crafting Table",0,0,0,0,0,0,0,0,0,0,0
"Cozy Garden Greenhouse",73.5,73.5,0,0,0,0,0,0,269,73.5,0
"Leaning Nonbinary Flag",24.5,24.5,0,0,0,0,0,0,269,24.5,0
"Carpet",29.11176470588235,29.11176470588235,0,0,0,0,0,0,269,29.11176470588235,0
"Gold Nugget",0.07019041666666673,0.07019041666666673,0.06093333333333339,0.06093333333333339,0,0,0,0,269,0.07019041666666673,0.06093333333333339
"Tofu Taco",5.178193548387097,4.116,3.5,3.5,0,0,0,0,269,5.178193548387097,3.5
"Bacon",0,0,0,0,0,0,0,0,0,0,0
"Armadillo Scute",1.96,1.96,1.900000000000004,1.900000000000004,0,0,0,0,270,1.96,1.900000000000004
"Green Nutcracker Plushie",53.9,53.9,0,0,0,0,0,0,270,53.9,0
"Spruce Trapdoor",0.4899999999999995,0.4899999999999995,0,0,0,0,0,0,270,0.4899999999999995,0
"Bread",1.6175390625000068,1.6175390625000068,1.661466666666664,1.661466666666664,0,0,0,0,270,1.6175390625000068,1.661466666666664
"Ink Sac",2.082794117647056,2.082794117647056,2.042857142857142,2.042857142857142,0,0,0,0,270,2.082794117647056,2.042857142857142
"Icefish",1.9599999999999986,1.9599999999999986,1.1800000000000002,1.1800000000000002,0,0,0,0,270,1.9599999999999986,1.1800000000000002
"Leaning Netherlands Flag",24.5,24.5,0,0,0,0,0,0,270,24.5,0
"Sea Lantern",5.0572000000000035,5.0572000000000035,2.7777777777777777,2.7777777777777777,0,0,0,0,270,5.0572000000000035,2.7777777777777777
"Prot 3",147,147,0,0,0,0,0,0,270,147,0
"Trout",0,0,0,0,0,0,0,0,0,0,0
"Prot 4",93.12594117647059,93.12594117647059,54.44444444444444,54.44444444444444,0,0,0,0,270,93.12594117647059,54.44444444444444
"Azalite Hoe",0,0,0,0,0,0,0,0,0,0,0
"Light Gray Terracotta",0,0,0,0,0,0,0,0,0,0,0
"Small Amethyst Bud",1.6333333333333335,1.6333333333333335,0,0,0,0,0,0,270,1.6333333333333335,0
"Grapes",0,0,0,0,0,0,0,0,0,0,0
"Bream",0,0,0,0,0,0,0,0,0,0,0
"Mangrove Leaves",0.153125,0.153125,0,0,0,0,0,0,270,0.153125,0
"Coffee Table",117.60000000000001,117.60000000000001,0,0,0,0,0,0,270,117.60000000000001,0
"Cucumber",0.3195720108695649,0.3195720108695649,0.5546474358974359,0.5546474358974359,0,0,0,0,269,0.3195720108695649,0.5546474358974359
"Glow Squid Spawn Egg",0,0,0,0,0,0,0,0,0,0,0
"Fireplace",100.16666666666667,82.6875,0,0,-0.00010399334132671356,0,0,1,270,100.15625,0
"Christmas Market Signpost Right",49,49,0,0,0,0,0,0,270,49,0
"Netherite Ingot",24.25496995708153,24.22386873920551,23.422264193878714,23.415657506245743,0.0012839079136028886,-0.0002820687077473849,18,7,270,24.25496995708153,23.415657506245743
"Copper Block",3.8860350877192937,3.8860350877192937,2.8799999999999994,2.8799999999999994,0,0,0,0,270,3.8860350877192937,2.8799999999999994
"Music Disc Wait",200,200,0,0,0,0,0,0,270,200,0
"Garden Pillar",73.5,73.5,0,0,0,0,0,0,270,73.5,0
"Garden Fence",73.5,73.5,0,0,0,0,0,6,270,73.5,0
"Lime Dye",0.49034482758620634,0.49034482758620634,0.4800000000000003,0.4800000000000003,0,0,0,0,270,0.49034482758620634,0.4800000000000003
"Christmas Sofa",58.8,58.8,0,0,0,0,0,0,270,58.8,0
"Shaper Armor Trim Smithing Template",50,50,0,0,0,0,0,0,270,50,0
"Glass",0.7125943523503161,0.7125943523503161,0.06249564459930313,0.06249564459930313,0,0,0,0,270,0.7125943523503161,0.06249564459930313
"Shroomlight",2.414130329457368,2.414130329457368,1.2154411764705881,1.2154411764705881,0,0,0,0,270,2.414130329457368,1.2154411764705881
"Plastic",4.9,4.9,0,0,0,0,0,0,270,4.9,0
"Energy Orb",0,0,0,0,0,0,0,0,0,0,0
"Coralfish",0,0,0,0,0,0,0,0,0,0,0
"Orange Terracotta",0.6674999999999999,0.5069444444444444,0.48671951219512194,0.48671951219512194,-0.24053266644477844,0,0,256,270,0.5069444444444444,0.48671951219512194
"Porkchop",1.8215864485981355,1.8215864485981355,1.956680161943316,1.956451612903222,0,-0.00011680449824780226,31,0,270,1.8215864485981355,1.956451612903222
"Canopy Flat",98,98,0,0,0,0,0,5,189,98,0
"Barley",0.3217151826484015,0.3217151826484015,0.3820764915161468,0.3600068922305763,0,-0.057762254029512405,61,0,269,0.3217151826484015,0.3600068922305763
"Poppy",0.7758333333333333,0.7758333333333333,0.75,0.75,0,0,0,0,271,0.7758333333333333,0.75
"Turtle Spawn Egg",0,0,0,0,0,0,0,0,0,0,0
"Milk Bucket",3.234000000000011,3.234000000000011,2.4966165413533923,2.4966165413533923,0,0,0,0,271,3.234000000000011,2.4966165413533923
"Potion",0,0,0,0,0,0,0,0,0,0,0
"Bricks",1.0270312500000003,1.0270312500000003,0.78125,0.78125,0,0,0,0,271,1.0270312500000003,0.78125
"Riptide 3",34.3,34.3,0,0,0,0,0,0,271,34.3,0
"Anvil",10,10,0,0,0,0,0,0,271,10,0
"Grass Block",0.7788451086956524,0.7788451086956524,1.8730263157894744,1.8730263157894744,0,0,0,0,271,0.7788451086956524,1.8730263157894744
"Tall Lamp",132.5,132.5,0,0,0,0,0,0,271,132.5,0
"Silk Touch 1",95.06,95.06,65,65,0,0,0,0,271,95.06,65
"Cozy Kitchen Table",43.7325,43.7325,0,0,0,0,0,0,271,43.7325,0
"Scaffolding",0.47135869565217403,0.47135869565217403,0.05,0.05,0,0,0,0,271,0.47135869565217403,0.05
"Smooth Quartz",1.4393750000000007,1.4393750000000007,0.6249863387978142,0.6249863387978142,0,0,0,0,271,1.4393750000000007,0.6249863387978142
"Lily Pad",7.394545454545454,7.394545454545454,5,5,0,0,0,0,271,7.394545454545454,5
"Red Sand",0.27510809312638584,0.265375,0,0,0.03667675331234932,0,0,41,271,0.27510809312638584,0
"Leaning Intersex Flag",24.5,24.5,0,0,0,0,0,0,271,24.5,0
"Tomato Sauce Jar",0,0,0,0,0,0,0,0,0,0,0
"Plains postcard",0,0,0,0,0,0,0,0,0,0,0
"Parrot Spawn Egg",0,0,0,0,0,0,0,0,0,0,0
"Charcoal",0.06125000000000002,0.06125000000000002,0.03124509803921569,0.03124509803921569,0,0,0,0,271,0.06125000000000002,0.03124509803921569
"Cherry Slab",0,0,0,0,0,0,0,0,0,0,0
"Stone Bricks",0.37007563025210083,0.37007563025210083,0.0625,0.0625,0,0,0,0,271,0.37007563025210083,0.0625
"Candy Cane",39.2,39.2,0,0,0,0,0,0,271,39.2,0
"Polished Andesite",0.1959960937499998,0.1959960937499998,0,0,0,0,0,0,271,0.1959960937499998,0
"Buttered Pancakes",2.4509702970296985,2.4508672566371628,0,0,-0.00003888134961016476,0,0,72,270,2.450874999999995,0
"Golden Carrot",1.1121311475409845,1.1121311475409845,0,0,0,0,0,0,271,1.1121311475409845,0
"Clover Table",0,0,0,0,0,0,0,0,0,0,0
"Pistol Ammo",1.565277777777778,1.565277777777778,8,8,0,0,0,0,271,1.565277777777778,8
"Deepslate Tile Slab",0.1176,0.1176,0,0,0,0,0,0,271,0.1176,0
"Gray Stained Glass",0.5920833333333334,0.5920833333333334,0,0,0,0,0,0,271,0.5920833333333334,0
"Mangrove Planks",0,0,0,0,0,0,0,0,0,0,0
"Jungle Leaves",0.153125,0.153125,0,0,0,0,0,0,271,0.153125,0
"Alchemy Station",171.5,171.5,0,0,0,0,0,0,271,171.5,0
"Cooked Mutton",2.94,2.94,0,0,0,0,0,0,271,2.94,0
"End Rod",4.176299999999994,4.176299999999994,3.595049504950497,3.595049504950497,0,0,0,0,271,4.176299999999994,3.595049504950497
"Cactus",0.42424305555555575,0.41768342391304375,0.40571428571428625,0.40571428571428625,-0.015461965464055538,0,0,128,271,0.41768342391304375,0.40571428571428625
"Cyan Dye",0.46208333333333335,0.46208333333333335,0.48,0.48,0,0,0,0,271,0.46208333333333335,0.48
"Radioactive Fish",3.5239378238341934,3.5239378238341934,3.0800000000000005,3.0800000000000005,0,0,0,0,271,3.5239378238341934,3.0800000000000005
"Prismarine Bricks",0.9576993433395871,0.9576993433395871,0.8676020408163269,0.8676020408163269,0,0,0,0,271,0.9576993433395871,0.8676020408163269
"Christmas Snowman",73.5,73.5,0,0,0,0,0,0,271,73.5,0
"Clover Carpet",0,0,0,0,0,0,0,0,0,0,0
"Power 3",0,0,0,0,0,0,0,0,0,0,0
"Power 5",49,49,25,25,0,0,0,0,271,49,25
"Rock",0,0,0,0,0,0,0,0,0,0,0
"Wooden Wheel",0,0,0,0,0,0,0,0,0,0,0
"Blue Terracotta",0.7908653846153846,0.7262499999999998,0.46812777777777775,0.46812777777777775,-0.08170212805271149,0,0,256,271,0.7262499999999998,0.46812777777777775
"Birch Log",0.2861798829701372,0.2860658482142857,0.22577657004830928,0.2249938949938951,0.0003986311494372785,0.0034786502365022898,60,64,272,0.2861798829701372,0.22577657004830928
"Oxidized Copper Bulb",22.44,22.44,0,0,0,0,0,1,76,22.44,0
"Leaning Asexual Flag",24.5,24.5,0,0,0,0,0,0,272,24.5,0
"Filled Map",0,0,0,0,0,0,0,0,0,0,0
"Flowering Garden Tree",73.5,73.5,0,0,0,0,0,3,272,73.5,0
"Tomato Soup",1.881061607142861,1.8642193341121536,1.5298809523809527,1.5298809523809527,-0.008953600190579891,0,0,67,270,1.8642193341121536,1.5298809523809527
"Cozy Kitchen Counter",60.899999999999984,60.899999999999984,0,0,0,0,0,0,272,60.899999999999984,0
"Pink Stained Glass",0,0,0,0,0,0,0,0,0,0,0
"Brown Mushroom Patch",49,49,0,0,0,0,0,0,272,49,0
"357-Magnum",0,0,0,0,0,0,0,0,0,0,0
"Black Concrete Powder",0.27421875,0.27421875,0.3125,0.3125,0,0,0,0,272,0.27421875,0.3125
"Orange Wool",1.0977884615384612,1.0977884615384612,0.5,0.5,0,0,0,0,272,1.0977884615384612,0.5
"Cherry Sapling",1.320277777777778,1.320277777777778,0.18546195652173914,0.18546195652173914,0,0,0,0,272,1.320277777777778,0.18546195652173914
"Thorns 3",78.39999999999999,78.39999999999999,66.66666666666667,66.66666666666667,0,0,0,0,272,78.39999999999999,66.66666666666667
"Green Glazed Terracotta",0,0,0,0,0,0,0,0,0,0,0
"Water Bucket",4.72410256410256,4.713924050632907,3.746666666666667,3.746666666666667,-0.0021545919589698315,0,0,1,272,4.713924050632907,3.746666666666667
"Warped Stem",1.5371347950181629,1.5371347950181629,1.7019348106096759,1.6456085883434803,0,-0.033095404505729675,549,0,272,1.5371347950181629,1.6456085883434803
"Brown Glazed Terracotta",0,0,0,0,0,0,0,0,0,0,0
"Iron Leggings",0,0,0,0,0,0,0,0,0,0,0
"Closed Valentine Curtain",0,0,0,0,0,0,0,0,0,0,0
"Toyauto Crayola",588,588,0,0,0,0,0,1,272,588,0
"Crate Bread",73.5,73.5,0,0,0,0,0,0,272,73.5,0
"Lime Wool",1.089025,1.089025,0.5520333009236753,0.5520333009236753,0,0,0,0,272,1.089025,0.5520333009236753
"Crate Display Carrots",73.5,73.5,0,0,0,0,0,1,272,73.5,0
"Standing Progress Flag",24.5,24.5,0,0,0,0,0,1,189,24.5,0
"Pale Oak Planks",0.10208333333333336,0.10208333333333336,0,0,0,0,0,0,272,0.10208333333333336,0
"Jukebox",10,10,0,0,0,0,0,0,272,10,0
"Black Paint",0,0,0,0,0,0,0,0,0,0,0
"Diamond Block",8.686588235294135,8.686588235294135,7.199999999999996,7.199999999999996,0,0,0,0,272,8.686588235294135,7.199999999999996
"Wheat Seeds",1.2961105769230765,1.2961105769230765,0.059375000000000094,0.059375000000000094,0,0,0,0,272,1.2961105769230765,0.059375000000000094
"Bundle",4.9,4.9,0,0,0,0,0,0,272,4.9,0
"Butter Pancakes",0,0,0,0,0,0,0,0,0,0,0
"Corn",0.5382039650537647,0.5382039650537647,0.45259399815767826,0.43477646254208857,0,-0.039367590099573135,68,0,270,0.5382039650537647,0.43477646254208857
"Oak Wood",0,0,0,0,0,0,0,0,0,0,0
"Luck 3",55.391304347826086,55.391304347826086,47.916666666666664,47.916666666666664,0,0,0,0,272,55.391304347826086,47.916666666666664
"Fireblast",4.871641791044774,4.623684210526313,3,3,0,0,0,0,272,4.623684210526313,3
"M4A1",0,0,0,0,0,0,0,0,0,0,0
"Brick",0.3101874999999997,0.3101874999999997,0.57,0.57,0,0,0,0,272,0.3101874999999997,0.57
"Green Pepper",0.153125,0.153125,0,0,0,0,0,0,272,0.153125,0
"Stripped Dark Oak Wood",0.18375,0.18375,0,0,0,0,0,0,272,0.18375,0
"Oak Sapling",1.6923641304347825,1.6923641304347825,0.8344184027777778,0.8344184027777778,0,0,0,0,272,1.6923641304347825,0.8344184027777778
"Chocolate Chip Muffin",0,0,0,0,0,0,0,0,0,0,0
"Coal Block",1.9962267610594535,1.9962267610594535,0,0,0,0,0,0,272,1.9962267610594535,0
"Pepper",0.41302309782608687,0.3745196759259258,0.46284722222222235,0.4110966981132078,-0.09322340786457062,-0.11180908232927322,512,512,270,0.3745196759259258,0.4110966981132078
"Potion of Strong Swiftness",12.74,12.74,0,0,0,0,0,0,273,12.74,0
"Feather Fall 4",85.4,85.4,46.666666666666664,46.666666666666664,0,0,0,0,273,85.4,46.666666666666664
"Cherry Planks",0.214375,0.214375,0,0,0,0,0,0,273,0.214375,0
"Cozy Garden Pot Ladder",73.5,73.5,0,0,0,0,0,0,273,73.5,0
"Deepslate Bricks",1.378125,1.378125,0,0,0,0,0,0,273,1.378125,0
"Laundry Basket",49,49,0,0,0,0,0,0,273,49,0
"Netherite Boots",73.16061475409838,73.16061475409838,60,60,0,0,0,0,273,73.16061475409838,60
"Polished Granite",0.2450000000000001,0.2450000000000001,0.75,0.75,0,0,0,0,273,0.2450000000000001,0.75
"Pink Banner",0,0,0,0,0,0,0,0,0,0,0
"Light Gray Dye",0.48722222222222183,0.48722222222222183,0.4036363636363636,0.4036363636363636,0,0,0,0,273,0.48722222222222183,0.4036363636363636
"Glass Bottle",0.49000000000000055,0.49000000000000055,0.32904109589041103,0.32904109589041103,0,0,0,0,273,0.49000000000000055,0.32904109589041103
"Brown Cricket Jar",50,50,0,0,0,0,0,0,273,50,0
"Yellow Candle",4.16,4.16,0,0,0,0,0,0,273,4.16,0
"Cherry Pie",0,0,0,0,0,0,0,0,0,0,0
"Iron Ingot",0.6921933911516327,0.6892333698830273,0.4043262093726324,0.40278391395804,-0.004276292398571968,-0.003814482828602195,1024,832,273,0.6892333698830273,0.40278391395804
"Lime Banner",19.6,19.6,0,0,0,0,0,0,273,19.6,0
"Warped Wart Block",0.9442708333333331,0.9442708333333331,0.36874999999999997,0.36874999999999997,0,0,0,0,273,0.9442708333333331,0.36874999999999997
"Netherite Leggings",72.7475593220339,72.7475593220339,60,60,0,0,0,0,273,72.7475593220339,60
"Orange Concrete",0.833,0.833,0,0,0,0,0,0,273,0.833,0
"Wall Lamp (White)",73.5,73.5,0,0,0,0,0,0,273,73.5,0
"Torche 954",0,0,0,0,0,0,0,0,0,0,0
"Green Concrete",0.404787784679089,0.404787784679089,0,0,0,0,0,0,273,0.404787784679089,0
"Green Stained Glass",0,0,0,0,0,0,0,0,0,0,0
"Standing Canada Flag",24.5,24.5,0,0,0,0,0,0,273,24.5,0
"Rose Bush",0.5625925925925922,0.5625925925925922,0,0,0,0,0,0,273,0.5625925925925922,0
"Efficiency 5",85.15243902439025,84.99382716049382,58.18181818181818,58.18181818181818,0.0018661573994904757,0,0,1,273,85.15243902439025,58.18181818181818
"Stripped Birch Wood",0.18406250000000002,0.18406250000000002,0,0,0,0,0,0,273,0.18406250000000002,0
"AK47",0,0,0,0,0,0,0,0,0,0,0
"Tuna",1.244864864864865,1.244864864864865,0.7059523809523809,0.7059523809523809,0,0,0,0,273,1.244864864864865,0.7059523809523809
"Wooden Sword",0,0,0,0,0,0,0,0,0,0,0
"Birch Leaves",0.9953124999999999,0.9953124999999999,0.1484375,0.1484375,0,0,0,0,273,0.9953124999999999,0.1484375
"Large Snowball Pile",39.2,39.2,0,0,0,0,0,0,273,39.2,0
"Iron Axel",0,0,0,0,0,0,0,0,0,0,0
"Yellow Shulker Box",24.5,24.5,0,0,0,0,0,0,273,24.5,0
"Adorable Christmas Cracker",39.2,39.2,0,0,0,0,0,0,273,39.2,0
"Purple Concrete",0,0,0,0,0,0,0,0,0,0,0
"Dark Oak Stairs",0.1225,0.1225,0,0,0,0,0,0,273,0.1225,0
"Chef Knife",0,0,0,0,0,0,0,0,0,0,0
"Black Dye",0.5429729729729728,0.5429729729729728,0.48000000000000026,0.48000000000000026,0,0,0,0,273,0.5429729729729728,0.48000000000000026
"Gold Ingot",0.41387663949962095,0.41387663949962095,0.34108082639714665,0.3408069662243669,0,0.0008035639184527099,542,0,273,0.41387663949962095,0.34108082639714665
"Garnet Butterfly Jar",50,50,0,0,0,0,0,0,273,50,0
"Salt",0,0,0,0,0,0,0,0,0,0,0
"Chips and Guacamole",0,0,0,0,0,0,0,0,0,0,0
"Lettuce",0.41309320887445955,0.41137668010752754,0.4716539714080695,0.4597200131023659,-0.0041553061455488205,-0.025302359834313393,119,64,271,0.41137668010752754,0.4597200131023659
"Black Concrete",0.6267708333333334,0.6267708333333334,0,0,0,0,0,0,273,0.6267708333333334,0
"Calibrated Sculk Sensor",490,490,0,0,0,0,0,0,273,490,0
"Cooking Oil",2.915833333333333,2.915833333333333,0,0,0,0,0,0,274,2.915833333333333,0
"Brown Mushroom",0.6860000000000002,0.6860000000000002,0.4770833333333333,0.4770833333333333,0,0,0,0,274,0.6860000000000002,0.4770833333333333
"Red Carpet",0.7644,0.7644,0,0,0,0,0,0,274,0.7644,0
"Iron Sheet",0,0,0,0,0,0,0,0,0,0,0
"Armchair",122.5,122.5,0,0,0,0,0,0,274,122.5,0
"Iron Block",4.626833420896725,4.626833420896725,2.5854618119393025,2.5854618119393025,0,0,0,0,274,4.626833420896725,2.5854618119393025
"Bed",113.51666666666667,113.51666666666667,0,0,0,0,0,0,274,113.51666666666667,0
"Sardine",0,0,0,0,0,0,0,0,0,0,0
"Bread Slice",0,0,0,0,0,0,0,0,0,0,0
"Cozy Kitchen Counter Turn",58.8,58.8,0,0,0,0,0,0,274,58.8,0
"Laundry Basket (Full)",49,49,0,0,0,0,0,0,274,49,0
"Yellow Dye",0.5106329331046315,0.5106329331046315,0.4800000000000001,0.4800000000000001,0,0,0,0,274,0.5106329331046315,0.4800000000000001
"Blue Shulker Box",34.3,34.3,20,20,0,0,0,0,274,34.3,20
"Mangrove Propagule",1.9600000000000006,1.9600000000000006,1,1,0,0,0,0,274,1.9600000000000006,1
"Hanging Netherlands Flag",24.5,24.5,0,0,0,0,0,0,274,24.5,0
"Toilet Paper (White)",73.5,73.5,0,0,0,0,0,0,274,73.5,0
"Red Valentines Present",0,0,0,0,0,0,0,0,0,0,0
"Dragonfly Jar",0,0,0,0,0,0,0,0,0,0,0
"Apple Jam Sandwich",4.055174311926598,4.055174311926598,0.5444444444444445,0.5444444444444445,0,0,0,0,272,4.055174311926598,0.5444444444444445
"Punch 2",0,0,0,0,0,0,0,0,0,0,0
"Dark Oak Door",0.6124999999999999,0.6124999999999999,0,0,0,0,0,0,274,0.6124999999999999,0
"Dough",0.42875,0.42875,0,0,0,0,0,0,274,0.42875,0
"Magenta Dye",0.7851785714285712,0.7851785714285712,0.48,0.48,0,0,0,0,274,0.7851785714285712,0.48
"Horn Coral Fan",1.96,1.96,1,1,0,0,0,0,274,1.96,1
"Round Rug (White)",19.6,19.6,0,0,0,0,0,0,274,19.6,0
"Sand",0.18989153320972,0.1886920783546177,0.219887077522301,0.21672764788905177,-0.005766416434198618,-0.014368418604135513,576,323,274,0.1887965395245519,0.21672764788905177
"Brownie",0,0,0,0,0,0,0,0,0,0,0
"Counter Towel (White)",73.5,73.5,0,0,0,0,0,0,274,73.5,0
"Clover Wine Barrel",0,0,0,0,0,0,0,0,0,0,0
"Hanging United States Flag",24.5,24.5,0,0,0,0,0,0,274,24.5,0
"Netherrack",0.23957779247711664,0.23957779247711664,0.21563063639035815,0.21563063639035815,0,0,0,0,274,0.23957779247711664,0.21563063639035815
"Dark Oak Sapling",0.7554166666666666,0.7554166666666666,0.43197916666666664,0.43197916666666664,0,0,0,0,274,0.7554166666666666,0.43197916666666664
"Stone",0.22575743340597035,0.22575743340597035,0.1466637323943663,0.12067758413461548,0,-0.17718182504177094,1575,0,274,0.22575743340597035,0.12067758413461548
"Floor Clover Pot",0,0,0,0,0,0,0,0,0,0,0
"Medium Amethyst Bud",1.6333333333333335,1.6333333333333335,0,0,0,0,0,0,274,1.6333333333333335,0
"Bone Block",0,0,0,0,0,0,0,0,0,0,0
"Common Crate Key",0,0,0,0,0,0,0,0,0,0,0
"Tuna Salad Sandwich",2.5776443123938897,2.5743713813068667,0,0,-0.001269737258553505,0,0,64,274,2.5743713813068667,0
"Vote Crate Key",0,0,0,0,0,0,0,0,0,0,0
"Christmas Market Snowman",73.5,73.5,0,0,0,0,0,0,274,73.5,0
"Fermented Spider Eye",0.9800000000000003,0.9800000000000003,0,0,0,0,0,0,274,0.9800000000000003,0
"Purple Shulker Box",0,0,0,0,0,0,0,0,0,0,0
"Diamond Leggings",6.822307692307697,6.822307692307697,0,0,0,0,0,0,274,6.822307692307697,0
"Potion of Strong Slowness",0,0,0,0,0,0,0,0,0,0,0
"Ceiling Clover Pot",0,0,0,0,0,0,0,0,0,0,0
"Tripwire Hook",0,0,0,0,0,0,0,0,0,0,0
"Firefly Bush",9.8,9.8,0,0,0,0,0,0,275,9.8,0
"Stool",60.22258064516129,60.22258064516129,0,0,0,0,0,0,275,60.22258064516129,0
"Ceiling Rainbow Flag",24.5,24.5,0,0,0,0,0,0,275,24.5,0
"Spruce Leaves",0.15312499999999998,0.15312499999999998,0.1484375,0.1484375,0,0,128,0,275,0.15312499999999998,0.1484375
"Garden Stand",73.5,73.5,0,0,0,0,0,0,275,73.5,0
"Brown Dye",0.41125000000000006,0.41125000000000006,0.47263157894736874,0.47263157894736874,0,0,0,0,275,0.41125000000000006,0.47263157894736874
"Garden Table",73.5,73.5,0,0,0,0,0,0,275,73.5,0
"Red/Golden Key",157.5,157.5,75,75,0,0,0,0,274,157.5,75
"Spruce Sign",0.49,0.49,0,0,0,0,0,0,275,0.49,0
"Jungle Log",0.2673454301075263,0.26580452127659515,0.29674928160919595,0.29674928160919595,-0.0057637374848127365,0,0,64,275,0.26580452127659515,0.29674928160919595
"Bamboo Block",0.2196209677419355,0.2196209677419355,0.06580882352941178,0.06580882352941178,0,0,0,0,275,0.2196209677419355,0.06580882352941178
"Slime Spawn Egg",0,0,0,0,0,0,0,0,0,0,0
"Lime Terracotta",0.30625,0.30625,0,0,0,0,0,0,275,0.30625,0
"Red Banner",0,0,0,0,0,0,0,0,0,0,0
"Lava Bucket",4.501960784313718,4.501960784313718,3.662921348314607,3.662921348314607,0,0,0,0,275,4.501960784313718,3.662921348314607
"Stick",178.49074863281254,178.49074863281254,0.15754901960784293,0.15754901960784293,0,0,0,0,275,178.49074863281254,0.15754901960784293
"Small Log Pile",49,49,0,0,0,0,0,0,275,49,0
"Soap (Black)",0,0,0,0,0,0,0,0,0,0,0
"Red Mushroom Block",0.9957142857142858,0.9957142857142858,0.5,0.5,0,0,0,0,275,0.9957142857142858,0.5
"Gravel",0.21293822783621383,0.21231399644594134,0.22881145397489516,0.22881145397489516,-0.0029315140563994646,0,0,64,275,0.21231399644594134,0.22881145397489516
"Sunflower",0.1255625000000001,0.1255625000000001,0.4252840909090909,0.4252840909090909,0,0,0,0,275,0.1255625000000001,0.4252840909090909
"Brownies",4.886031007751919,4.748605504587161,0,0,0,0,0,0,275,4.886031007751919,0
"Fuel Tank",0,0,0,0,0,0,0,0,0,0,0
"Red Tulip",0.98,0.98,0.75,0.75,0,0,0,0,275,0.98,0.75
"Orange Tulip",0.98,0.98,0,0,0,0,0,0,275,0.98,0
"Light Blue Carpet",0.7644000000000001,0.7644000000000001,0,0,0,0,0,0,275,0.7644000000000001,0
"City Scooter",0,0,0,0,0,0,0,0,0,0,0
"Quick Charge 3",0,0,0,0,0,0,0,0,0,0,0
"Angel Plushie",53.9,53.9,0,0,0,0,0,0,275,53.9,0
"Silence Armor Trim Smithing Template",245,245,0,0,0,0,0,0,275,245,0
"Sink (Black + Filled)",0,0,0,0,0,0,0,0,0,0,0
"Granite",0.2900876845991553,0.2900876845991553,0.24141312985636862,0.24141312985636862,0,0,0,0,275,0.2900876845991553,0.24141312985636862
"Fire Engine",0,0,0,0,0,0,0,0,0,0,0
"Rainbow Fish",0,0,0,0,0,0,0,0,0,0,0
"Stone Button",0.9800000000000003,0.9800000000000003,0.9499999999999998,0.9499999999999998,0,0,0,0,275,0.9800000000000003,0.9499999999999998
"Amethyst Block",2.3204054054054035,2.3204054054054035,1.6081081081081081,1.6081081081081081,0,0,0,0,275,2.3204054054054035,1.6081081081081081
"Peony",0.3913875000000001,0.3913875000000001,0,0,0,0,0,0,275,0.3913875000000001,0
"Fabric Stack",73.5,73.5,0,0,0,0,0,0,275,73.5,0
"Yellow Terracotta",0.9476444444444443,0.8310272727272724,0.5,0.5,-0.12306004762649536,0,0,256,275,0.8310272727272724,0.5
"Slime Ball",21.516363636363636,21.516363636363636,9.875,9.875,0,0,0,0,275,21.516363636363636,9.875
"Birch Sign",0.5929,0.5929,0,0,0,0,0,0,275,0.5929,0
"Netherite Block",202.86,202.86,0,0,0,0,0,0,275,202.86,0
"Leaning Canada Flag",24.5,24.5,0,0,0,0,0,0,275,24.5,0
"Salad",0,0,0,0,0,0,0,0,0,0,0
"50GS",0,0,0,0,0,0,0,0,0,0,0
"Rice",0,0,0,0,0,0,0,0,0,0,0
"Washing Machine",68.6,60.73333333333333,0,0,0,0,0,0,276,60.73333333333333,0
"Stripped Bamboo Block",0.206875,0.206875,0,0,0,0,0,0,276,0.206875,0
"Fudge",0,0,0,0,0,0,0,0,0,0,0
"Cozy Kitchen Porcelain Tray",49,49,0,0,0,0,0,0,276,49,0
"Sea Pickle",6.030769230769236,6.030769230769236,3,3,0,0,0,0,276,6.030769230769236,3
"Diamond",1.2448776178918184,1.2441448997233764,0.9442402818042614,0.9442137295575016,-0.0005885864957235754,0.000028121014111093245,11,134,276,1.2441448997233764,0.9442402818042614
"Spider Spawn Egg",0,0,0,0,0,0,0,0,0,0,0
"Bamboo Wall Decor (Corner)",0,0,0,0,0,0,0,0,0,0,0
"Cauldron",9.8,9.8,0,0,0,0,0,0,276,9.8,0
"Diorite",0.10780015365923372,0.10780015365923372,0.22994090834711284,0.22940304771812284,0,-0.0023391253780573606,175,0,276,0.10780015365923372,0.22940304771812284
"Sharp 5",83.55836363636364,83.55836363636364,56.666666666666664,56.666666666666664,0,0,0,0,276,83.55836363636364,56.666666666666664
"Glowstone Dust",2.196129032258064,2.196129032258064,15.371249999999998,15.371249999999998,0,0,0,0,276,2.196129032258064,15.371249999999998
"Iron Sword",1.96,1.96,0,0,0,0,0,0,276,1.96,0
"Chiseled Bookshelf",3.9200000000000013,3.9200000000000013,0,0,0,0,0,0,276,3.9200000000000013,0
"Valentines Ground Items",0,0,0,0,0,0,0,0,0,0,0
"Polished Diorite",0,0,0,0,0,0,0,0,0,0,0
"Chest",0.12250000000000001,0.11229166666666668,0.08958333333333335,0.08958333333333335,-0.0833333358168602,0,0,16,276,0.11229166666666668,0.08958333333333335
"Iron Boots",0,0,0,0,0,0,0,0,0,0,0
"White Dye",0.45224271844660147,0.45224271844660147,0.3847802197802205,0.3847802197802205,0,0,0,0,276,0.45224271844660147,0.3847802197802205
"Moss Carpet",0.015305555555555548,0.015305555555555548,0.5,0.5,0,0,0,0,276,0.015305555555555548,0.5
"Tailoring Station",0,0,0,0,0,0,0,0,0,0,0
"Garden Bench",73.5,73.5,0,0,0,0,0,2,276,73.5,0
"Gray Dye",0.5156451612903227,0.5156451612903227,0.4800000000000002,0.4800000000000002,0,0,0,0,276,0.5156451612903227,0.4800000000000002
"Brewing Stand",0,0,0,0,0,0,0,0,0,0,0
"Brewing Table",98,98,0,0,0,0,0,0,276,98,0
"Frog Spawn Egg",0,0,0,0,0,0,0,0,0,0,0
"Sweet Potato",0.5496178774928784,0.5496178774928784,0.4616921768707494,0.42077095808383386,0,-0.08863312005996704,158,0,274,0.5496178774928784,0.42077095808383386
"Potion of Water",1,1,0,0,0,0,0,0,276,1,0
"Pike",0,0,0,0,0,0,0,0,0,0,0
"Cozy Kitchen Wall Cabinet",61.24999999999997,61.24999999999997,0,0,0,0,0,0,276,61.24999999999997,0
"Avocado Toast",3,3,0,0,0,0,0,0,276,3,0
"Brick Stairs",0.9800000000000002,0.9800000000000002,0,0,0,0,0,0,276,0.9800000000000002,0
"Wooden Record Player",39.2,39.2,0,0,0,0,0,0,276,39.2,0
"Green Dye",0.5395603337612329,0.5395603337612329,0.48000000000000037,0.48000000000000037,0,0,0,0,276,0.5395603337612329,0.48000000000000037
"Zombie Spawn Egg",0,0,0,0,0,0,0,0,0,0,0
"Peas",0,0,0,0,0,0,0,0,0,0,0
"Magma Trout",1.9599999999999977,1.9599999999999977,1.5727272727272728,1.5727272727272728,0,0,0,0,276,1.9599999999999977,1.5727272727272728
"Red Glazed Terracotta",0,0,0,0,0,0,0,0,0,0,0
"Onion",0.33584677419354797,0.33584677419354797,0.3656537596639905,0.3256636127419451,0,-0.10936615616083145,159,0,274,0.33584677419354797,0.3256636127419451
"Shotgun Rifle",0,0,0,0,0,0,0,0,0,0,0
"Sugar Cane",0.2339873141263951,0.2321866935483882,0.41253252712678895,0.40315671394861907,-0.007695376873016357,-0.02186102420091629,384,320,276,0.2321866935483882,0.40351414323245677
"Tipped Arrow",0,0,0,0,0,0,0,0,0,0,0
"Cod Spawn Egg",0,0,0,0,0,0,0,0,0,0,0
"Pepper Seeds",0.153125,0.153125,0,0,0,0,0,0,276,0.153125,0
"Cooked Rabbit",0,0,0,0,0,0,0,0,0,0,0
"Chicken Spawn Egg",0,0,0,0,0,0,0,0,0,0,0
"AR Ammo",0,0,0,0,0,0,0,0,0,0,0
"Standing Netherlands Flag",24.5,24.5,0,0,0,0,0,0,277,24.5,0
"Aqua Affinity 1",49,49,25,25,0,0,0,0,277,49,25
"Tennessey",5.814666666666667,4.90086956521739,4,4,0,0,0,0,277,4.90086956521739,4
"Fresh Milk",0.22607936507936494,0.22316849816849813,0.125,0.125,0,0,0,0,277,0.22607936507936494,0.125
"Potion of Strong Healing",20.579999999999995,20.579999999999995,0,0,0,0,0,0,277,20.579999999999995,0
"Bamboo",0.39867380617977594,0.39867380617977594,0.3962899170278256,0.3962899170278256,0,0,0,0,277,0.39867380617977594,0.3962899170278256
"Donda Civil",1058.4,980,0,0,0,0,0,0,277,1041.25,0
"Cream Cheese Bagel",2.313982704402511,2.302879251700676,0.9025595238095238,0.9025595238095238,0.00482155242934823,0,0,72,275,2.313982704402511,0.9025595238095238
"Light Gray Glazed Terracotta",0,0,0,0,0,0,0,0,0,0,0
"Orange Shulker Box",24.5,24.5,0,0,0,0,0,0,277,24.5,0
"Frame",73.5,73.5,0,0,0,0,0,0,277,73.5,0
"Chair",73.5,73.5,0,0,0,0,0,0,277,73.5,0
"City Bus",0,0,0,0,0,0,0,0,0,0,0
"Horn Coral",1.9600000000000004,1.9600000000000004,1,1,0,0,0,0,277,1.9600000000000004,1
"Mountains postcard",0,0,0,0,0,0,0,0,0,0,0
"Warped Trapdoor",0.6125,0.6125,0,0,0,0,0,0,277,0.6125,0
"Red Pepper",0,0,0,0,0,0,0,0,0,0,0
"Valentines Tulips Plant Pot",0,0,0,0,0,0,0,0,0,0,0
"Peanut",0,0,0,0,0,0,0,0,0,0,0
"White Concrete",0.4634562499999999,0.4634562499999999,0,0,0,0,0,0,277,0.4634562499999999,0
"Cooked Beef",2.9149098307291976,2.9149098307291976,0,0,0,0,0,0,277,2.9149098307291976,0
"Butter",0,0,0,0,0,0,0,0,0,0,0
"Cozy Kitchen Chair",21.233333333333334,21.233333333333334,0,0,0,0,0,0,277,21.233333333333334,0
"Bubble Coral",1.9600000000000002,1.9600000000000002,1,1,0,0,0,0,277,1.9600000000000002,1
"Sturgeon",0,0,0,0,0,0,0,0,0,0,0
"Stripped Oak Log",0.1225,0.1225,0,0,0,0,0,0,277,0.1225,0
"Magenta Stained Glass",0,0,0,0,0,0,0,0,0,0,0
"Blue Eel",3.811111111111112,3.811111111111112,2,2,0,0,0,0,277,3.811111111111112,2
"Chocolate Ice Cream",3.0548148148148146,3.0548148148148146,0,0,0,0,0,0,275,3.0548148148148146,0
"FR 5.56",0,0,0,0,0,0,0,0,0,0,0
"Nether Star",0,0,0,0,0,0,0,0,0,0,0
"Netherite Sword",58.545454545454625,58.545454545454625,48,48,0,0,0,0,277,58.545454545454625,48
"Yellow Concrete Powder",0.3521875,0.3521875,0,0,0,0,0,0,277,0.3521875,0
"Mini Goober",784,784,0,0,0,0,0,0,276,784,0
"Iron Helmet",0,0,0,0,0,0,0,0,0,0,0
"Shelf Corner (Black)",0,0,0,0,0,0,0,0,0,0,0
"Garden Arch",0,0,0,0,0,0,0,0,0,0,0
"Standing Asexual Flag",24.5,24.5,0,0,0,0,0,0,277,24.5,0
"Fish Sandwich",2.5027275815217407,2.5027275815217407,0,0,0,0,0,0,277,2.5027275815217407,0
"Shulker Shell",6.729245283018878,6.729245283018878,6.807021739130427,6.807021739130427,0,0,0,0,277,6.729245283018878,6.807021739130427
"Blast Prot 4",0,0,25,25,0,0,0,0,277,0,25
"Snow",0,0,0,0,0,0,0,0,0,0,0
"Note Block",0,0,0,0,0,0,0,0,0,0,0
"Camel Spawn Egg",0,0,0,0,0,0,0,0,0,0,0
"Shotgun",0,0,0,0,0,0,0,0,0,0,0
"Smooth Sandstone",0,0,1.2500036363636362,1.2500036363636362,0,0,0,0,278,0,1.2500036363636362
"Spruce Sapling",1.5082864091981134,1.5082864091981134,0.7767602634803922,0.7767602634803922,0,0,0,0,278,1.5082864091981134,0.7767602634803922
"Potion of Strong Harming",16.66,16.66,0,0,0,0,0,0,278,16.66,0
"Smithing Table",3.92,3.92,0,0,0,0,0,0,278,3.92,0
"Cactus Flower",9.432500000000001,9.432500000000001,3.9233333333333387,3.9233333333333387,0,0,0,0,278,9.432500000000001,3.9233333333333387
"Cozy Garden Potted Shelf",73.5,73.5,0,0,0,0,0,0,278,73.5,0
"Doublebed",147,147,0,0,0,0,0,0,278,147,0
"Strawberry",0,0,0,0,0,0,0,0,0,0,0
"Buinness",4.900000000000001,4.061764705882355,3,3,0,0,0,0,278,4.061764705882355,3
"Engine",0,0,0,0,0,0,0,0,0,0,0
"Cozy Garden Candle",73.5,73.5,0,0,0,0,0,0,278,73.5,0
"Hanging Lamp",147,147,0,0,0,0,0,0,278,147,0
"Soap Dispenser (White)",0,0,0,0,0,0,0,0,0,0,0
"Beetle Jar",50,50,0,0,0,0,0,0,278,50,0
"Iron Hoe",0,0,0,0,0,0,0,0,278,0,0
"Gold Block",3.4629680000000014,3.4629680000000014,4.319999999999996,4.319999999999996,0,0,0,0,278,3.4629680000000014,4.319999999999996
"Cyan Wool",1.1270000000000002,1.1270000000000002,0.8000000000000003,0.8000000000000003,0,0,0,0,278,1.1270000000000002,0.8000000000000003
"Dark Oak Leaves",0.15312499999999998,0.15312499999999998,0,0,0,0,0,0,278,0.15312499999999998,0
"Adorable Christmas Present",53.9,53.9,0,0,0,0,0,0,278,53.9,0
"Moss Block",0.7034380787037031,0.6988193807339445,0.5,0.41111111111111115,-0.006565891206264496,-0.17777778208255768,0,0,278,0.6988193807339445,0.41111111111111115
"Azure Bluet",0.9800000000000002,0.9800000000000002,0.5,0.5,0,0,0,0,278,0.9800000000000002,0.5
"Bow",7.35,7.35,0,0,0,0,0,0,278,7.35,0
"Blackstone",0.6648260004302949,0.6648260004302949,0.5676175138080309,0.5676175138080309,0,0,0,0,278,0.6648260004302949,0.5676175138080309
"Clover Balloon",0,0,0,0,0,0,0,0,0,0,0
"Ocean postcard",24.5,24.5,0,0,0,0,0,0,278,24.5,0
"Flowering Azalea",0.5072407407407409,0.5072407407407409,0,0,0,0,0,0,278,0.5072407407407409,0
"Blue Banner",0,0,0,0,0,0,0,0,0,0,0
"Bamboo Planks",0.1790559440559441,0.1790559440559441,0,0,0,0,0,0,278,0.1790559440559441,0
"Garden Fountain",73.5,73.5,0,0,0,0,0,0,278,73.5,0
"Black Bundle",0,0,0,0,0,0,0,0,0,0,0
"Hanging Germany Flag",24.5,24.5,0,0,0,0,0,0,278,24.5,0
"Shelf (Black)",0,0,0,0,0,0,0,0,0,0,0
"Coconut",1,1,0,0,0,0,0,0,278,1,0
"Adorable Christmas Candle",53.9,53.9,0,0,0,0,0,0,278,53.9,0
"Strawberry Cheesecake",4.795083169291343,4.616458111702133,2.4038461538461537,2.4038461538461537,-0.0035612990614026785,0,0,93,278,4.778006444552533,2.4038461538461537
"Loyalty 3",49,49,25,25,0,0,0,0,278,49,25
"Magma Cream",4.900000000000003,4.900000000000003,0,0,0,0,0,0,278,4.900000000000003,0
"Counter (Black)",0,0,0,0,0,0,0,0,0,0,0
"Lily Of The Valley",0.9800000000000003,0.9800000000000003,0.75,0.75,0,0,0,0,278,0.9800000000000003,0.75
"Stool (cushion)",98,98,0,0,0,0,0,0,278,98,0
"Granite Slab",0.2156000000000001,0.2156000000000001,0,0,0,0,0,0,279,0.2156000000000001,0
"Ender Pearl",6.048965517241378,6.048965517241378,5.2913669064748206,5.2913669064748206,0,0,0,0,279,6.048965517241378,5.2913669064748206
"Small Table",63.7,63.7,0,0,0,0,0,0,279,63.7,0
"Clovers",0,0,0,0,0,0,0,0,0,0,0
"Ocelot Spawn Egg",0,0,0,0,0,0,0,0,0,0,0
"Gray Concrete",0.6374619932432434,0.6374619932432434,0.703125,0.703125,0,0,0,0,279,0.6374619932432434,0.703125
"Respiration 3",32.666666666666664,32.666666666666664,0,0,0,0,0,0,279,32.666666666666664,0
"Cozy Kitchen Extraction Hood",73.5,73.5,0,0,0,0,0,0,279,73.5,0
"Cozy Kitchen Wall Cabinet Turn",60.63750000000001,60.63750000000001,0,0,0,0,0,0,279,60.63750000000001,0
"Glock",0,0,0,0,0,0,0,0,0,0,0
"Barrel",0.06090909090909091,0.06090909090909091,0,0,0,0,0,11,34,0.06090909090909091,0
"Crying Obsidian",3.9200000000000004,3.9200000000000004,0,0,0,0,0,0,279,3.9200000000000004,0
"Density 5",0,0,25,25,0,0,0,0,279,0,25
"Name Tag",39.78135593220339,39.62241379310345,26.45593869731801,26.298449612403104,0.00401142006739974,0.005988531280308962,3,1,279,39.78135593220339,26.45593869731801
"Purple Wool",1.1269999999999996,1.1269999999999996,0,0,0,0,0,0,279,1.1269999999999996,0
"Bookshelf",9.426666666666675,9.426666666666675,4,4,0,0,0,0,279,9.426666666666675,4
"Paper",41.06414563519012,41.06414563519012,0.5627450980392159,0.5624489795918369,0,0.0005264805513434112,94,0,279,41.06414563519012,0.5627450980392159
"Bamboo Wall Decor (Left)",73.5,73.5,0,0,0,0,0,0,279,73.5,0
"Clover Flowers",49,49,0,0,0,0,0,0,279,49,0
"Allay Spawn Egg",19.6,19.6,10,10,0,0,0,0,279,19.6,10
"Track",0,0,0,0,0,0,0,0,0,0,0
"Acacia Leaves",0.2583984375,0.2583984375,0.1484375,0.1484375,0,0,0,0,279,0.2583984375,0.1484375
"Mullet",0,0,0,0,0,0,0,0,0,0,0
"Onion Rings",3.3637247869318188,3.3599081703910616,1.4735351562499996,1.4735351562499996,-0.0011346399551257491,0,0,15,277,3.3599081703910616,1.4735351562499996
"Hanging Rainbow Flag",24.5,24.5,0,0,0,0,0,0,279,24.5,0
"Fire Coral",1.9600000000000002,1.9600000000000002,1,1,0,0,0,0,279,1.9600000000000002,1
"Vanilla Bean",0,0,0,0,0,0,0,0,0,0,0
"Lava Anthias",4.9,4.9,4,4,0,0,0,0,279,4.9,4
"Red Concrete",0.4865,0.4865,0,0,0,0,0,0,279,0.4865,0
"Acacia Log",0.33460755813953513,0.33460755813953513,0.3861111111111111,0.3861111111111111,0,0,0,0,279,0.33460755813953513,0.3861111111111111
"Steamed Brussel Sprouts",1.5609950842696572,1.5584716569767385,0.7155803571428577,0.7155803571428577,0.001619167858734727,0,0,72,277,1.5609950842696572,0.7155803571428577
"Cooked Cod",1.25,1.25,0,0,0,0,0,0,279,1.25,0
"Pink Concrete Powder",0,0,0.31249434389140274,0.31249434389140274,0,0,0,0,279,0,0.31249434389140274
"Light Blue Paint",0,0,0,0,0,0,0,0,0,0,0
"Leprechauns Plushie",0,0,0,0,0,0,0,0,0,0,0
"Light Gray Wool",0.3675,0.3675,0.5319910539215688,0.5319910539215688,0,0,0,0,279,0.3675,0.5319910539215688
"Trident",0,0,0,0,0,0,0,0,0,0,0
"Ceiling Netherlands Flag",24.5,24.5,0,0,0,0,0,0,279,24.5,0
"Fresh Water",0.08366666666666663,0.08366666666666663,0.03125,0.03125,0,0,0,0,279,0.08366666666666663,0.03125
"Yellow Paint",0,0,0,0,0,0,0,0,0,0,0
"Standing Germany Flag",24.5,24.5,0,0,0,0,0,0,279,24.5,0
"Music Disc Stal",122.5,122.5,0,0,0,0,0,0,279,122.5,0
"Cookie",0,0,0,0,0,0,0,0,0,0,0
"Drowned Spawn Egg",0,0,0,0,0,0,0,0,0,0,0
"Dark Oak Planks",0.3269807692307692,0.3269807692307692,0,0,0,0,0,0,279,0.3269807692307692,0
"Magenta Wool",0.3675,0.3675,0,0,0,0,0,0,279,0.3675,0
"Toilet Paper (Black)",0,0,0,0,0,0,0,0,0,0,0
"Armadillo Spawn Egg",0,0,0,0,0,0,0,0,0,0,0
"Cozy Kitchen Fridge",66.96666666666665,66.96666666666665,0,0,0,0,0,0,280,66.96666666666665,0
"Pepperoni Pizza",0,0,0,0,0,0,0,0,0,0,0
"Peach Seeds",0.153125,0.153125,0,0,0,0,0,0,280,0.153125,0
"Short Grass",0.049,0.049,0,0,0,0,0,0,280,0.049,0
"Spruce Slab",0.12250000000000003,0.12250000000000003,0,0,0,0,0,0,280,0.12250000000000003,0
"Magenta Concrete",0,0,0,0,0,0,0,0,0,0,0
"Breach 4",24.5,24.5,0,0,0,0,0,0,280,24.5,0
"Valentines Sign",49,49,0,0,0,0,0,0,280,49,0
"Beacon",0,0,0,0,0,0,0,0,0,0,0
"Blaze Powder",9.32956730769231,9.32956730769231,7.121212121212121,7.121212121212121,0,0,0,0,280,9.32956730769231,7.121212121212121
"White Wool",0.28335126185636894,0.2579118416432587,0.20741704268911584,0.20741704268911584,0.09863610565662384,0,0,52,280,0.28335126185636894,0.20741704268911584
"Yellow Banner",24.5,24.5,0,0,0,0,0,0,280,24.5,0
"Wheat",0.40235416666666673,0.40235416666666673,0.3928639470444084,0.38567881960549866,0,-0.018289098516106606,1152,0,280,0.40235416666666673,0.38567881960549866
"Warped Shelf",0.79625,0.79625,0,0,0,0,0,0,280,0.79625,0
"Red Shulker Box",34.3,34.3,0,0,0,0,0,0,280,34.3,0
"Bamboo Wall Decor (Right)",0,0,0,0,0,0,0,0,0,0,0
"Light Blue Stained Glass",0.30624999999999997,0.30624999999999997,0,0,0,0,0,0,280,0.30624999999999997,0
"Cake",0,0,0,0,0,0,0,0,0,0,0
"Nether Brick",0.8421851851851846,0.8421851851851846,0.35362499999999997,0.35362499999999997,0,0,0,0,280,0.8421851851851846,0.35362499999999997
"Cracked Egg",0.47977272727272735,0.47977272727272735,0.25004273504273505,0.25004273504273505,0,0,0,0,280,0.47977272727272735,0.25004273504273505
"Azalea Valley",4.475000000000003,4.1222222222222245,3,3,0,0,0,0,280,4.1222222222222245,3
"Skeleton Spawn Egg",0,0,0,0,0,0,0,0,0,0,0
"Saddle",0,0,0,0,0,0,0,0,0,0,0
"Strawberry Sandwich",6.86,6.86,0,0,0,0,0,0,280,6.86,0
"Frost Walker 2",0,0,0,0,0,0,0,0,0,0,0
"Potion of Strong Regeneration",24.5,24.5,0,0,0,0,0,0,280,24.5,0
"Eggplant Parmigiana",0,0,0,0,0,0,0,0,0,0,0
"Large Glow Mushroom Patch",49,49,0,0,0,0,0,0,280,49,0
"Table (Black)",73.5,73.5,0,0,0,0,0,0,280,73.5,0
"Crate Display Bread",0,0,0,0,0,0,0,0,0,0,0
"Andesite",0.22439473684210579,0.22071520618556753,0.21840160472972908,0.21650568181818153,-0.01639758050441742,-0.008680901490151882,986,128,280,0.22071520618556753,0.21650568181818153
"Cream Cheese",3.0625,3.0625,0,0,0,0,0,0,280,3.0625,0
"Observer",0,0,0,0,0,0,0,0,0,0,0
"Amber Butterfly Jar",50,50,0,0,0,0,0,0,280,50,0
"Birch Slab",0.429,0.429,0,0,0,0,0,0,280,0.429,0
"Slimefish",3.7824561403508734,3.7824561403508734,1.933333333333333,1.933333333333333,0,0,0,0,280,3.7824561403508734,1.933333333333333
"Item Frame",10,10,0,0,0,0,0,0,280,10,0
"White Glazed Terracotta",0,0,0,0,0,0,0,0,0,0,0
"Dresser (tall)",98,98,0,0,0,0,0,0,280,98,0
"Sweet Potato Seeds",0.153125,0.153125,0,0,0,0,0,0,280,0.153125,0
"Cozy Garden Hanging Pot",73.5,73.5,0,0,0,0,0,0,280,73.5,0
"Chips",0,0,0,0,0,0,0,0,0,0,0
"Wooden Chair",42,36.74999999999999,0,0,0,0,0,0,281,36.74999999999999,0
"Transistor",0,0,0,0,0,0,0,0,0,0,0
"Stripped Warped Stem",0.306,0.306,0,0,0,0,0,0,281,0.306,0
"Ice",0.8936625766871164,0.8936625766871164,0.363249530075188,0.34552851815110214,0,-0.04878468066453934,204,0,281,0.8936625766871164,0.34552851815110214
"Infinity 1",58.8,58.8,32.857142857142854,32.857142857142854,0,0,0,0,281,58.8,32.857142857142854
"Short Wooden Sofa",73.5,73.5,0,0,0,0,0,0,281,73.5,0
"Blast Furnace",0,0,0,0,0,0,0,0,0,0,0
"Doublebarrel",0,0,0,0,0,0,0,0,0,0,0
"Plate",0,0,0,0,0,0,0,0,0,0,0
"Pig Spawn Egg",9.8,9.8,0,0,0,0,0,0,281,9.8,0
"Ceiling Asexual Flag",24.5,24.5,0,0,0,0,0,0,281,24.5,0
"Phantom Membrane",0,0,0,0,0,0,0,0,0,0,0
"Clover Stool",0,0,0,0,0,0,0,0,0,0,0
"Ghost",0,0,0,0,0,0,0,0,0,0,0
"Standing Gay Male Flag",24.5,24.5,0,0,0,0,0,1,199,24.5,0
"Garlic",0,0,0,0,0,0,0,0,0,0,0
"Standing Bisexual Flag",24.5,24.5,0,0,0,0,0,0,281,24.5,0
"Netherite Shovel",58.57727272727274,58.572093023255825,48,48,0.00008843297109706327,0,0,1,281,58.57727272727274,48
"Large Orange Mushroom Patch",49,49,0,0,0,0,0,0,281,49,0
"Cookies & Milk",44.1,44.1,0,0,0,0,0,0,281,44.1,0
"Bean Sprout",0,0,0,0,0,0,0,0,0,0,0
"Polished Tuff",0,0,0,0,0,0,0,0,0,0,0
"Cherry Leaves",0.15312499999999998,0.15312499999999998,0.1484375,0.1484375,0,0,0,0,281,0.15312499999999998,0.1484375
"End Table",72.5439024390244,69.76666666666667,0,0,0.0024323503021150827,0,0,2,281,69.93636363636364,0
"ATV",490,490,0,0,0,0,0,0,281,490,0
"Swift Sneak 3",40.833333333333336,40.833333333333336,0,0,0,0,0,0,281,40.833333333333336,0
"Hanging Bisexual Flag",24.5,24.5,0,0,0,0,0,0,281,24.5,0
"Plant (Black)",73.5,73.5,0,0,0,0,0,0,281,73.5,0
"Nether Bricks",0,0,0,0,0,0,0,0,0,0,0
"Sink (Black)",0,0,0,0,0,0,0,0,0,0,0
"Spruce Stairs",0.12473958333333322,0.12473958333333322,0,0,0,0,0,0,281,0.12473958333333322,0
"Table Towel (White)",0,0,0,0,0,0,0,0,0,0,0
"Crodelo",4.900000000000003,4.206382978723407,3,3,0,0,0,0,281,4.206382978723407,3
"Potato",0.3439412128712868,0.3439412128712868,0.45177696078431445,0.45177696078431445,0,0,0,0,281,0.3439412128712868,0.45177696078431445
"Adorable Christmas Bauble",53.9,53.9,0,0,0,0,0,0,281,53.9,0
"Glow Item Frame",10,10,0,0,0,0,0,0,281,10,0
"AUG",0,0,0,0,0,0,0,0,0,0,0
"Lapis Block",3.442249511718748,3.442249511718748,2.8799999999999994,2.8799999999999994,0,0,0,0,281,3.442249511718748,2.8799999999999994
"White Tulip",0.98,0.98,0,0,0,0,0,0,281,0.98,0
"Christmas Market Chalet 3",110.25,110.25,0,0,0,0,0,0,281,110.25,0
"Simple lures",0,0,0,0,0,0,0,0,0,0,0
"Christmas Market Chalet 2",147,147,0,0,0,0,0,0,281,147,0
"Christmas Market Chalet 1",147,147,0,0,0,0,0,0,281,147,0
"Pink Concrete",0,0,0,0,0,0,0,0,0,0,0
"Red Concrete Powder",0.33875000000000005,0.324375,0,0,0.044315993785858154,0,0,16,281,0.33875000000000005,0
"Pumpkin Pie",8.819999999999997,8.819999999999997,0,0,0,0,0,0,281,8.819999999999997,0
"Folded Shirt",49,49,0,0,0,0,0,0,282,49,0
"Clay",0,0,0,0,0,0,0,0,0,0,0
"Blue Paint",0,0,0,0,0,0,0,0,0,0,0
"Rose Butterfly Jar",50,50,0,0,0,0,0,0,282,50,0
"Spruce Shelf",0.49,0.49,0,0,0,0,0,0,282,0.49,0
"Potion of Long Night Vision",20.58,20.58,0,0,0,0,0,0,282,20.58,0
"Potion of Long Fire Resistance",16.66,16.66,0,0,0,0,0,0,282,16.66,0
"Ghast Tear",3.92,3.92,0,0,0,0,0,0,282,3.92,0
"Kiwi Matcha",4.900000000000003,4.333962264150947,3,3,0,0,0,0,282,4.333962264150947,3
"Obsidian",4.69402298850575,4.69402298850575,2.4047619047619047,2.4047619047619047,0,0,0,0,282,4.69402298850575,2.4047619047619047
"Long Rug (White)",49,49,0,0,0,0,0,0,282,49,0
"Cherry Shrimp Sushi",0,0,0,0,0,0,0,0,0,0,0
"Flame 1",49,49,25,25,0,0,0,0,282,49,25
"Tropical Fish Spawn Egg",1.96,1.96,1,1,0,0,0,0,282,1.96,1
"Blueberry Muffin",0,0,0,0,0,0,0,0,0,0,0
"Allium",0.9800000000000003,0.9800000000000003,0,0,0,0,0,0,282,0.9800000000000003,0
"Table Lamp",93.40625,93.40625,0,0,0,0,0,0,282,93.40625,0
"Broccoli",0,0,0,0,0,0,0,0,0,0,0
"Pink Dye",0.46174025974025945,0.46174025974025945,0.4800000000000003,0.4800000000000003,0,0,0,0,282,0.46174025974025945,0.4800000000000003
"Soul Speed 3",31.5,31.5,0,0,0,0,0,0,282,31.5,0
"Perch",0,0,0,0,0,0,0,0,0,0,0
"Hanging Canada Flag",24.5,24.5,0,0,0,0,0,0,282,24.5,0
"Music Disc 13",200,200,0,0,0,0,0,0,282,200,0
"Garden Tools",73.5,73.5,0,0,0,0,0,0,282,73.5,0
"Axolotl Spawn Egg",0,0,0,0,0,0,0,0,0,0,0
"Bane 5",0,0,0,0,0,0,0,0,0,0,0
"Diamond Axe",3.3133333333333326,3.3133333333333326,0,0,0,0,0,0,282,3.3133333333333326,0
"Peach",0.4085628255208328,0.33349144345238063,0.5282257326007328,0.49919345238095253,0,0,0,0,282,0.4085628255208328,0.5282257326007328
"Gold Christmas Cracker",525.1029411764706,522.3648648648649,0,0,0,0,0,0,282,522.3648648648649,0
"White Paint",0,0,0,0,0,0,0,0,0,0,0
"Iron Ore",1.96,1.96,0,0,0,0,0,0,282,1.96,0
"Diamond Shovel",1.0045000000000002,1.0045000000000002,0,0,0,0,0,0,282,1.0045000000000002,0
"Lime Stained Glass",0,0,0,0,0,0,0,0,0,0,0
"Plant",49,49,0,0,0,0,0,0,282,49,0
"Light Blue Dye",0.6599999999999999,0.6599999999999999,0.48,0.48,0,0,0,0,282,0.6599999999999999,0.48
"Quartz Pillar",0,0,0,0,0,0,0,0,0,0,0
"Green Wool",1.1269999999999987,1.1269999999999987,0.8000000000000003,0.8000000000000003,0,0,0,0,282,1.1269999999999987,0.8000000000000003
"Daylight Detector",0,0,0,0,0,0,0,0,0,0,0
"Music Disc Mall",200,200,0,0,0,0,0,0,282,200,0
"Blue Carpet",0.7605986394557841,0.7605986394557841,0,0,0,0,0,0,282,0.7605986394557841,0
"Forklift",0,0,0,0,0,0,0,0,0,0,0
"Ochre Froglight",3.1696117318435664,3.1696117318435664,4.1125,4.1125,0,0,0,0,282,3.1696117318435664,4.1125
"Suspicious Stew",19.6,19.6,0,0,0,0,0,0,282,19.6,0
"Banner Post 2",98,98,0,0,0,0,0,0,282,98,0
"Salmon Spawn Egg",0,0,0,0,0,0,0,0,0,0,0
"Quartz Block",1.1066178191489362,1.1066178191489362,2.638888888888889,2.638888888888889,0,0,0,0,283,1.1066178191489362,2.638888888888889
"Canopy Sloped",98,98,0,0,0,0,0,5,201,98,0
"Leaning Gay Male Flag",24.5,24.5,0,0,0,0,0,1,201,24.5,0
" Green Sea Slug Egg",0,0,0,0,0,0,0,0,0,0,0
"Azalite Sword",3372,2744,0,0,0.2288629710674286,0,0,0,13,3372,0
"Lure 3",56.35,56.35,60,60,0,0,0,0,283,56.35,60
"Light Gray Shulker Box",24.5,24.5,0,0,0,0,0,0,283,24.5,0
"Sponge",6.785365853658534,6.785365853658534,5.8861386138613865,5.8861386138613865,0,0,0,0,283,6.785365853658534,5.8861386138613865
"Enderman Spawn Egg",0,0,0,0,0,0,0,0,0,0,0
"Bone",2.0840154639175203,2.0840154639175203,1.7120903261854625,1.6635806339886523,0,-0.026440178975462914,450,0,283,2.0840154639175203,1.6668223505769388
"Stripped Pale Oak Log",0.1225,0.1225,0,0,0,0,0,0,283,0.1225,0
"Modern Kitchen Stove Silver",73.5,73.5,0,0,0,0,0,1,283,73.5,0
"Bug Light",4.900000000000002,3.948076923076926,3,3,0,0,0,0,283,3.948076923076926,3
"Van",0,0,0,0,0,0,0,0,0,0,0
"Crimson Bubblefish",0,0,0,0,0,0,0,0,0,0,0
"Smooth Stone",0.32001424058566896,0.32001424058566896,0.18285164835164827,0.18285164835164827,0,0,0,0,283,0.32001424058566896,0.18285164835164827
"Proj Prot 4",0,0,0,0,0,0,0,0,0,0,0
"Christmas Cocoa",29.4,29.4,0,0,0,0,0,0,283,29.4,0
"White Carpet",0.48999999999999977,0.48999999999999977,0,0,0,0,0,0,283,0.48999999999999977,0
"Pale Oak Fence",0.153125,0.153125,0,0,0,0,0,0,283,0.153125,0
"Egg Salad Sandwich",3.1951822916666583,2.499999999999998,2.15,2,-0.02591339871287346,0,0,72,283,3.1123842592592506,2.15
"Crate Carrots",73.5,73.5,0,0,0,0,0,1,283,73.5,0
"Orange",0.3831048423423419,0.36352408675799047,0.4764403317824306,0.4764403317824306,-0.023769883438944817,0,0,80,283,0.3739984848484844,0.4764403317824306
"Azalite Ingot",867.1214953271028,850.2708333333334,882.4561403508771,650,0,0,0,0,283,867.1214953271028,882.4561403508771
"Packed Mud",4.9,4.9,0,0,0,0,0,0,283,4.9,0
"Torch",0.091875,0.091875,0.07499999999999998,0.07499999999999998,0,0,0,0,283,0.091875,0.07499999999999998
"Cheeseburger",3.59725403305619,3.476557369791654,1.6666666666666667,0.8333333333333334,-0.0026811405550688505,0,0,82,283,3.587609289215661,1.6666666666666667
"Book",3.888990825688068,3.888990825688068,2.95209726443769,2.9130124223602487,0,0.013417327776551247,4,0,283,3.888990825688068,2.95209726443769
"Spectral Arrow",0.18375,0.18375,0,0,0,0,0,0,283,0.18375,0
"Looting 3",55.85455555555556,55.85455555555556,65,65,0,0,0,0,283,55.85455555555556,65
"Basalt",0.1909886363636364,0.1909886363636364,0.19298448717948716,0.19298448717948716,0,0,0,0,283,0.1909886363636364,0.19298448717948716
"Dark Prismarine",0.7435866495507055,0.7435866495507055,0.7017049319727888,0.7017049319727888,0,0,0,0,283,0.7435866495507055,0.7017049319727888
"Impaling 5",49,49,25,25,0,0,0,0,283,49,25
"Dandelion",0.8036000000000003,0.8036000000000003,0.75,0.75,0,0,0,0,283,0.8036000000000003,0.75
"Dolphin Spawn Egg",0,0,0,0,0,0,0,0,0,0,0
"Carp",0,0,0,0,0,0,0,0,0,0,0
"Banner Wall 5",98,98,0,0,0,0,0,0,283,98,0
"Bathtub (Black)",0,0,0,0,0,0,0,0,0,0,0
"Sink (White + Filled)",73.5,73.5,0,0,0,0,0,0,283,73.5,0
"Red Christmas Stocking",39.2,39.2,0,0,0,0,0,0,283,39.2,0
"Purple Dye",0.7986,0.7986,0.48000000000000015,0.48000000000000015,0,0,0,0,283,0.7986,0.48000000000000015
"Netherite Scrap",5.896213235294114,5.896213235294114,5.699999999999996,5.699999999999996,0,0,0,0,283,5.896213235294114,5.699999999999996
"Brown Wool",1.127000000000001,1.127000000000001,0.8000000000000003,0.8000000000000003,0,0,0,0,283,1.127000000000001,0.8000000000000003
"Cranberry",0.6672443181818188,0.6672443181818188,0.5642030046224962,0.5642030046224962,0,0,0,0,281,0.6672443181818188,0.5642030046224962
"Green Cricket Jar",50,50,0,0,0,0,0,0,283,50,0
"Hanging Agender Flag",24.5,24.5,0,0,0,0,0,1,202,24.5,0
"Snowball",0.006125000000000001,0.006125000000000001,0,0,0,0,0,0,284,0.006125000000000001,0
"Pink Wool",0.3893771777003483,0.3893771777003483,0.34498349935916045,0.34498349935916045,0,0,0,0,284,0.3893771777003483,0.34498349935916045
"Unbreaking 2",0,0,0,0,0,0,0,0,0,0,0
"Unbreaking 3",93.61578947368422,93.61578947368422,54,54,0,0,0,0,284,93.61578947368422,54
"Smooth Quartz Slab",1.47,1.47,0,0,0,0,0,0,284,1.47,0
"Lever",0.10208333333333335,0.10208333333333335,0.08125,0.08125,0,0,0,0,284,0.10208333333333335,0.08125
"Nuts and Bolts",2.9399999999999986,2.9399999999999986,2.850000000000001,2.8500000000000005,0,0,0,0,284,2.9399999999999986,2.850000000000001
"Banner Wall 1",98,98,0,0,0,0,0,0,284,98,0
"Red Mushroom",0.6533333333333333,0.6533333333333333,0.48541666666666655,0.48541666666666655,0,0,0,0,284,0.6533333333333333,0.48541666666666655
"Multishot 1",24.5,24.5,0,0,0,0,0,0,284,24.5,0
"Pink Petals",0.1376234567901235,0.1376234567901235,0.2,0.2,0,0,0,0,284,0.1376234567901235,0.2
"Light Gray Concrete Powder",0.3616653225806451,0.3616653225806451,0.3125,0.3125,0,0,0,0,284,0.3616653225806451,0.3125
"Dispenser",0,0,0,0,0,0,0,0,0,0,0
"Ladybug Jar",0,0,0,0,0,0,0,0,0,0,0
"Leaning Transgender Flag",24.5,24.5,0,0,0,0,0,0,284,24.5,0
"Makeup Brushes (Black)",0,0,0,0,0,0,0,0,0,0,0
"Creeper Spawn Egg",0,0,0,0,0,0,0,0,0,0,0
"Netherite Axe",58.109859154929644,58.109859154929644,48,48,0,0,0,0,284,58.109859154929644,48
"Catfish",1.3044289999999987,1.3044289999999987,0.8854374999999997,0.8090625000000002,0,0,0,0,284,1.3044289999999987,0.8854374999999997
"Asada Taco",3.6978666666666657,3.1877213541666642,0,0,-0.001999478554353118,0,0,64,284,3.6904728618421045,0
"Cozy Kitchen Porcelain Mugs",51.72222222222222,51.72222222222222,0,0,0,0,0,0,284,51.72222222222222,0
"Andesite Slab",0,0,0,0,0,0,0,0,0,0,0
"Writable Book",14.888461538461545,14.888461538461545,9.5,9.5,0,0,0,0,284,14.888461538461545,9.5
"Chair (cushion)",98,98,0,0,0,0,0,2,284,98,0
"Depth Strider 3",78.4,78.4,0,0,0,0,0,0,284,78.4,0
"Pile of Gold",0,0,0,0,0,0,0,0,0,0,0
"Cranberry Seeds",9.8,9.8,0,0,0,0,0,0,284,9.8,0
"Barley Seeds",0.153125,0.153125,0,0,0,0,0,0,284,0.153125,0
"Dark Oak Trapdoor",0.4900000000000001,0.4900000000000001,0,0,0,0,0,0,284,0.4900000000000001,0
"Dragon Breath",98,98,50,50,0,0,0,0,284,98,50
"Tadpole Spawn Egg",19.6,19.6,0,0,0,0,0,0,284,19.6,0
"Cheese Pizza",0,0,0,0,0,0,0,0,0,0,0
"Dark Oak Wood",0.1225,0.1225,0,0,0,0,0,0,284,0.1225,0
"Tube Coral",1.9600000000000004,1.9600000000000004,1,1,0,0,0,0,284,1.9600000000000004,1
"Chicken Salad",0,0,0,0,0,0,0,0,0,0,0
"Mannequin",269.5,269.5,0,0,0,0,0,0,284,269.5,0
"Birch Sapling",1.7793125000000003,1.7793125000000003,0.5133928571428571,0.1484375,0,2.458646535873413,6,0,284,1.7793125000000003,0.5133928571428571
"Yellow Stained Glass",0,0,0,0,0,0,0,0,0,0,0
"Vanilla Ice Cream",3.2368965517241377,3.2368965517241377,0,0,0,0,0,0,284,3.2368965517241377,0
"Tofu Salad",5.887723577235763,4.483720930232562,0,0,0,0,0,0,284,5.887723577235763,0
"Fish Stew",3.4114798387096736,3.4114798387096736,2.375,2.375,0,0,0,0,282,3.4114798387096736,2.375
"Emerald Block",10.508007812499999,10.508007812499999,8.64,8.64,0,0,0,0,283,10.508007812499999,8.64
"Large Amethyst Bud",1.6316666666666666,1.6316666666666666,0,0,0,0,0,0,283,1.6316666666666666,0
"Cattails",0,0,0,0,0,0,0,0,0,0,0
"Brown Carpet",0,0,0,0,0,0,0,0,1,0,0
"Fortune 3",96.1898,96.1898,60,60,0,0,0,0,2,96.1898,60
"Potion of Strong Strength",16.66,16.66,0,0,0,0,0,0,2,16.66,0
"Netherite Upgrade Smithing Template",12.713063063063021,12.713063063063021,11.929824561403509,11.929824561403509,0,0,0,0,2,12.713063063063021,11.929824561403509
"gasoline Fuel",0,0,0,0,0,0,0,0,0,0,0
"Tinted Glass",2.2736,2.2736,0,0,0,0,0,0,2,2.2736,0
"Totem Of Undying",0,0,0,0,0,0,0,0,0,0,0
"Amethyst Cluster",2.8,2.8,0,0,0,0,0,0,2,2.8,0
"Scroll Stack",49,49,0,0,0,0,0,0,2,49,0
"Crimson Stem",1.2552083333333333,1.2552083333333333,1.758203125,1.758203125,0,0,0,0,2,1.2552083333333333,1.758203125
"Goldfish",6.684999999999995,6.684999999999995,4.800000000000001,4.800000000000001,0,0,0,0,2,6.684999999999995,4.800000000000001
"Mud",0,0,0.5,0.5,0,0,0,0,2,0,0.5
"Valentines Bench",49,49,0,0,0,0,0,0,2,49,0
"Grindstone",19.59,19.59,0,0,0,0,0,0,2,19.59,0
"Standing United States Flag",24.5,24.5,0,0,0,0,0,0,2,24.5,0
"Hanging Gay Male Flag",24.5,24.5,0,0,0,0,0,1,2,24.5,0
"Lime Concrete Powder",0.35218749999999993,0.35218749999999993,0,0,0,0,0,0,2,0.35218749999999993,0
"Music Disc Cat",200,200,0,0,0,0,0,0,2,200,0
"Iron Chestplate",0,0,0,0,0,0,0,0,0,0,0
"Beehive",20,20,0,0,0,0,0,0,2,20,0
"Octopus",1.3066666666666662,1.3066666666666662,0.7872448979591838,0.7872448979591838,0,0,0,0,2,1.3066666666666662,0.7872448979591838
"Ender Chest",0,0,0,0,0,0,0,0,0,0,0
"Tire",0,0,0,0,0,0,0,0,0,0,0
"Netherite Pickaxe",58.50833333333332,58.50833333333332,48,48,0,0,0,0,2,58.50833333333332,48
"Iron Frame",0,0,0,0,0,0,0,0,0,0,0
"Deepslate Tiles",0.245,0.245,0,0,0,0,0,0,2,0.245,0
"Blue Ice",0.98,0.98,0.5,0.5,0,0,15,0,2,0.98,0.5
"Smooth Quartz Stairs",2.94,2.94,0,0,0,0,0,0,2,2.94,0
"Spruce Wood",0.4348015873015873,0.4348015873015873,0.20000000000000004,0.20000000000000004,0,0,0,0,2,0.4348015873015873,0.20000000000000004
"Green Carpet",0.7608799999999996,0.7608799999999996,0,0,0,0,0,0,2,0.7608799999999996,0
"White Terracotta",0,0,0,0,0,0,0,0,0,0,0
"Turtle Helmet",0,0,0,0,0,0,0,0,0,0,0
"Melon Seeds",0,0,0,0,0,0,0,0,0,0,0
"Shulker Box",19.29503184713384,19.29503184713384,15.965811965811966,15.965811965811966,0,0,0,0,2,19.29503184713384,15.965811965811966
"Brown Mushroom Block",0.9880000000000001,0.9880000000000001,0.5,0.5,0,0,0,0,2,0.9880000000000001,0.5
"Volcano postcard",24.5,24.5,0,0,0,0,0,0,2,24.5,0
"Hanging Streamers",0,0,0,0,0,0,0,0,0,0,0
"Mug of Hot Chocolate",39.2,39.2,0,0,0,0,0,0,2,39.2,0
"Washing Machine (Open)",49,49,0,0,0,0,0,0,2,49,0
"Nachos",4,4,0,0,0,0,0,0,2,4,0
"Baked Potato",0.9250289735099421,0.9250289735099421,0.6515100671140927,0.6515100671140927,0,0,0,0,2,0.9250289735099421,0.6515100671140927
"Cow Spawn Egg",9.866666666666667,9.866666666666667,0,0,0,0,0,0,2,9.866666666666667,0
"Mango",0.46338836477987394,0.46338836477987394,0.5492346938775515,0.5492346938775515,0,0,0,0,2,0.46338836477987394,0.5492346938775515
"Herb Wall Rack",73.5,73.5,0,0,0,0,0,0,2,73.5,0
"Brown Stained Glass",0,0,0,0,0,0,0,0,0,0,0
"Raw Gold",0.2158116987179484,0.2158116987179484,0.21125000000000055,0.21125000000000055,0,0,0,0,2,0.2158116987179484,0.21125000000000055
"Yellow Wool",0.9514184027777779,0.9514184027777779,0.6024260112647212,0.6024260112647212,0,0,0,64,2,0.9514184027777779,0.6024260112647212
"Spider Eye",1.5688108108108114,1.5688108108108114,1.5458333333333327,1.5458333333333327,0,0,19,0,3,1.5688108108108114,1.5458333333333327
"Music Disc Pigstep",183.75,183.75,0,0,0,0,0,0,3,183.75,0
"Orange Mushroom Patch",49,49,0,0,0,0,0,0,3,49,0
"Campfire",0,0,0,0,0,0,0,0,0,0,0
"Eggplant",0,0,0,0,0,0,0,0,0,0,0
"Emerald",1.8127763289134597,1.8127763289134595,1.6353752535496968,1.6353752535496968,2.220446049250313e-16,0,64,211,3,1.8127763289134597,1.6353752535496968
"Spinach Leaf",0,0,0,0,0,0,0,0,0,0,0
"Black Wool",1.1270078125,1.1270078125,0.4673379591836735,0.4673379591836735,0,0,0,0,3,1.1270078125,0.4673379591836735
"Small Clover Streamers",0,0,0,0,0,0,0,0,0,0,0
"Blue Dye",0.4278217821782175,0.4278217821782175,0.38960000000000017,0.38960000000000017,0,0,0,8,3,0.4278217821782175,0.38960000000000017
"Cabbage Seeds",0.153125,0.153125,0,0,0,0,0,0,3,0.153125,0
"Vine",0.21723846153846146,0.21723846153846146,0,0,0,0,0,0,3,0.21723846153846146,0
"Egg",0.33190343468468037,0.33190343468468037,0.20651339651339803,0.20651339651339803,0,0,0,80,3,0.33190343468468037,0.20651339651339803
"Dryer (Open)",49,49,0,0,0,0,0,0,3,49,0
"Cozy Garden Trellis Pot",73.5,73.5,0,0,0,0,0,0,3,73.5,0
"Arm Chair",39.2,39.2,0,0,0,0,0,0,3,39.2,0
"Watering Can",73.5,73.5,0,0,0,0,0,0,3,73.5,0
"Potion of Long Strength",0,0,0,0,0,0,0,0,0,0,0
"Birch Wood",18.62,18.62,0,0,0,0,0,0,3,18.62,0
"Bare Wire",0,0,0,0,0,0,0,0,0,0,0
"Chicken Taco",5.601891891891901,5.601891891891901,3.5,3.5,0,0,0,0,3,5.601891891891901,3.5
"Diamond Hoe",9.14666666666667,9.14666666666667,8,8,0,0,0,0,3,9.14666666666667,8
"Small Clover Barrel",0,0,0,0,0,0,0,0,0,0,0
"Sculk Sensor",245,245,0,0,0,0,0,0,3,245,0
"French Toast",0,0,0,0,0,0,0,0,0,0,0
"Leaning Bisexual Flag",24.5,24.5,0,0,0,0,0,0,3,24.5,0
"Gray Shulker Box",0,0,0,0,0,0,0,0,0,0,0
"Heavy Cream",1.54125,1.54125,0,0,0,0,0,0,3,1.54125,0